,Starters,MP,FG,FGA,FG%,2P,2PA,2P%,3P,3PA,3P%,FT,FTA,FT%,ORB,DRB,TRB,AST,STL,BLK,TOV,PF,PTS,team,game_id
0,Jacy Sheldon,37,10,19,.526,8,14,.571,2,5,.400,6,6,1.000,2,2,4,2,5,0,4,2,28,ohio-state,2023-11-06-14-ohio-state
1,Celeste Taylor,35,1,8,.125,0,3,.000,1,5,.200,4,8,.500,0,3,3,2,2,0,2,5,7,ohio-state,2023-11-06-14-ohio-state
2,Cotie McMahon,34,3,11,.273,2,8,.250,1,3,.333,0,0,,1,4,5,2,1,0,5,4,7,ohio-state,2023-11-06-14-ohio-state
3,Taylor Thierry,33,5,6,.833,5,5,1.000,0,1,.000,6,6,1.000,2,6,8,0,2,0,2,3,16,ohio-state,2023-11-06-14-ohio-state
4,Rebeka Mikulasikova,21,2,5,.400,2,3,.667,0,2,.000,4,4,1.000,1,3,4,1,0,0,1,1,8,ohio-state,2023-11-06-14-ohio-state
6,Rikki Harris,17,1,2,.500,0,0,,1,2,.500,2,3,.667,0,0,0,1,0,0,0,4,5,ohio-state,2023-11-06-14-ohio-state
7,Diana Collins,16,1,6,.167,1,3,.333,0,3,.000,0,0,,1,0,1,0,0,0,0,3,2,ohio-state,2023-11-06-14-ohio-state
8,Taiyier Parks,5,0,1,.000,0,1,.000,0,0,,0,0,,0,0,0,1,0,0,0,1,0,ohio-state,2023-11-06-14-ohio-state
9,Eboni Walker,2,0,0,,0,0,,0,0,,1,2,.500,0,0,0,0,0,0,0,0,1,ohio-state,2023-11-06-14-ohio-state
0,Kayla Padilla,38,1,5,.200,0,0,,1,5,.200,5,6,.833,0,0,0,3,1,0,3,3,8,southern-california,2023-11-06-14-ohio-state
1,McKenzie Forbes,37,3,9,.333,1,4,.250,2,5,.400,3,7,.429,0,4,4,1,0,0,4,4,11,southern-california,2023-11-06-14-ohio-state
2,Rayah Marshall,36,9,14,.643,9,14,.643,0,0,,0,2,.000,4,13,17,2,6,2,3,4,18,southern-california,2023-11-06-14-ohio-state
3,Kaitlyn Davis,34,2,5,.400,2,4,.500,0,1,.000,0,0,,5,4,9,2,0,0,3,3,4,southern-california,2023-11-06-14-ohio-state
4,JuJu Watkins,31,11,18,.611,10,16,.625,1,2,.500,9,10,.900,1,5,6,5,1,1,5,4,32,southern-california,2023-11-06-14-ohio-state
6,Taylor Bigby,17,3,6,.500,1,1,1.000,2,5,.400,0,0,,0,3,3,0,1,0,1,3,8,southern-california,2023-11-06-14-ohio-state
7,Malia Samuels,5,1,2,.500,1,1,1.000,0,1,.000,0,0,,0,0,0,1,0,0,0,0,2,southern-california,2023-11-06-14-ohio-state
8,Clarice Akunwafo,1,0,0,,0,0,,0,0,,0,0,,0,0,0,0,0,0,1,2,0,southern-california,2023-11-06-14-ohio-state
0,Jaela Johnson,30,2,5,.400,1,1,1.000,1,4,.250,0,0,,0,2,2,2,1,0,3,2,5,iupui,2023-11-12-13-ohio-state
1,Logan Lewis,30,1,8,.125,1,6,.167,0,2,.000,0,0,,0,1,1,2,1,0,3,2,2,iupui,2023-11-12-13-ohio-state
2,Katie Davidson,29,7,16,.438,4,11,.364,3,5,.600,6,8,.750,3,2,5,2,0,0,1,2,23,iupui,2023-11-12-13-ohio-state
3,Kace Urlacher,20,1,1,1.000,1,1,1.000,0,0,,1,3,.333,1,4,5,0,0,1,2,3,3,iupui,2023-11-12-13-ohio-state
4,Jazmyn Turner,7,3,4,.750,3,4,.750,0,0,,1,1,1.000,0,2,2,0,1,0,4,1,7,iupui,2023-11-12-13-ohio-state
6,Jaci Jones,25,1,5,.200,0,3,.000,1,2,.500,0,0,,0,1,1,1,1,0,3,1,3,iupui,2023-11-12-13-ohio-state
7,Abby Wolterman,20,3,6,.500,3,6,.500,0,0,,0,2,.000,3,1,4,0,0,0,2,4,6,iupui,2023-11-12-13-ohio-state
8,Alexa Hocevar,17,1,4,.250,0,1,.000,1,3,.333,3,4,.750,1,2,3,2,0,1,4,3,6,iupui,2023-11-12-13-ohio-state
9,Faith Stinson,15,1,4,.250,0,1,.000,1,3,.333,0,0,,1,1,2,0,1,0,2,4,3,iupui,2023-11-12-13-ohio-state
10,Camron Blank,7,0,1,.000,0,1,.000,0,0,,0,0,,1,1,2,1,0,0,1,0,0,iupui,2023-11-12-13-ohio-state
0,Celeste Taylor,22,5,9,.556,5,7,.714,0,2,.000,1,2,.500,1,1,2,4,4,0,0,2,11,ohio-state,2023-11-12-13-ohio-state
1,Cotie McMahon,21,7,11,.636,7,9,.778,0,2,.000,8,10,.800,2,0,2,0,2,0,0,0,22,ohio-state,2023-11-12-13-ohio-state
2,Jacy Sheldon,19,2,5,.400,2,4,.500,0,1,.000,7,8,.875,1,2,3,3,1,0,1,3,11,ohio-state,2023-11-12-13-ohio-state
3,Taylor Thierry,17,3,3,1.000,1,1,1.000,2,2,1.000,4,4,1.000,1,1,2,0,1,1,0,2,12,ohio-state,2023-11-12-13-ohio-state
4,Rebeka Mikulasikova,13,4,5,.800,3,4,.750,1,1,1.000,1,2,.500,1,2,3,4,1,2,0,0,10,ohio-state,2023-11-12-13-ohio-state
6,Diana Collins,21,3,7,.429,2,4,.500,1,3,.333,2,2,1.000,1,2,3,1,0,0,1,1,9,ohio-state,2023-11-12-13-ohio-state
7,Rikki Harris,20,0,1,.000,0,1,.000,0,0,,2,2,1.000,1,3,4,1,1,1,1,0,2,ohio-state,2023-11-12-13-ohio-state
8,Eboni Walker,19,2,6,.333,2,5,.400,0,1,.000,0,0,,1,2,3,4,0,0,1,3,4,ohio-state,2023-11-12-13-ohio-state
9,Taiyier Parks,14,4,6,.667,4,6,.667,0,0,,4,4,1.000,2,3,5,0,1,0,2,4,12,ohio-state,2023-11-12-13-ohio-state
10,Emma Shumate,13,2,7,.286,1,3,.333,1,4,.250,0,0,,0,2,2,2,0,1,0,2,5,ohio-state,2023-11-12-13-ohio-state
11,Kaia Henderson,12,2,4,.500,2,4,.500,0,0,,0,0,,0,2,2,0,0,0,1,1,4,ohio-state,2023-11-12-13-ohio-state
12,Karla Vres,6,2,2,1.000,2,2,1.000,0,0,,0,0,,0,0,0,1,0,0,0,1,4,ohio-state,2023-11-12-13-ohio-state
13,Faith Carson,3,0,1,.000,0,1,.000,0,0,,2,2,1.000,1,3,4,1,0,0,1,1,2,ohio-state,2023-11-12-13-ohio-state
0,T'Yana Todd,35,4,9,.444,1,3,.333,3,6,.500,5,6,.833,1,2,3,0,2,0,4,1,16,boston-college,2023-11-16-19-ohio-state
1,Kaylah Ivey,27,0,2,.000,0,1,.000,0,1,.000,0,0,,0,1,1,1,0,0,3,1,0,boston-college,2023-11-16-19-ohio-state
2,Teya Sidberry,26,6,13,.462,6,12,.500,0,1,.000,2,2,1.000,2,6,8,0,3,0,2,4,14,boston-college,2023-11-16-19-ohio-state
3,Andrea Daley,26,5,10,.500,5,9,.556,0,1,.000,4,6,.667,1,1,2,1,2,0,2,2,14,boston-college,2023-11-16-19-ohio-state
4,Dontavia Waggoner,19,1,7,.143,1,7,.143,0,0,,2,2,1.000,3,3,6,0,1,0,1,4,4,boston-college,2023-11-16-19-ohio-state
6,JoJo Lacey,24,3,6,.500,3,3,1.000,0,3,.000,0,0,,0,5,5,0,0,0,3,2,6,boston-college,2023-11-16-19-ohio-state
7,Nene Ndiaye,18,3,6,.500,3,5,.600,0,1,.000,0,0,,1,2,3,2,0,0,1,1,6,boston-college,2023-11-16-19-ohio-state
8,Ava McGee,12,0,1,.000,0,1,.000,0,0,,0,0,,0,0,0,0,0,0,0,0,0,boston-college,2023-11-16-19-ohio-state
9,Lili Krasovec,11,1,1,1.000,1,1,1.000,0,0,,2,2,1.000,0,1,1,0,0,0,1,2,4,boston-college,2023-11-16-19-ohio-state
10,Kayla Lezama,6,1,2,.500,1,1,1.000,0,1,.000,0,0,,0,0,0,1,0,0,1,0,2,boston-college,2023-11-16-19-ohio-state
0,Cotie McMahon,26,8,10,.800,8,9,.889,0,1,.000,8,12,.667,0,4,4,2,2,1,1,1,24,ohio-state,2023-11-16-19-ohio-state
1,Celeste Taylor,25,2,5,.400,2,5,.400,0,0,,0,2,.000,0,2,2,5,2,0,3,2,4,ohio-state,2023-11-16-19-ohio-state
2,Jacy Sheldon,21,7,10,.700,5,7,.714,2,3,.667,0,0,,1,2,3,2,1,0,4,3,16,ohio-state,2023-11-16-19-ohio-state
3,Taylor Thierry,20,7,9,.778,6,8,.750,1,1,1.000,3,3,1.000,2,6,8,3,2,1,0,2,18,ohio-state,2023-11-16-19-ohio-state
4,Rebeka Mikulasikova,16,1,2,.500,1,2,.500,0,0,,0,0,,0,0,0,2,0,1,1,1,2,ohio-state,2023-11-16-19-ohio-state
6,Rikki Harris,22,2,3,.667,2,2,1.000,0,1,.000,0,0,,1,1,2,2,1,0,3,2,4,ohio-state,2023-11-16-19-ohio-state
7,Taiyier Parks,20,4,7,.571,4,7,.571,0,0,,0,0,,2,2,4,0,2,0,0,1,8,ohio-state,2023-11-16-19-ohio-state
8,Diana Collins,17,1,3,.333,1,2,.500,0,1,.000,0,0,,0,0,0,0,0,0,1,5,2,ohio-state,2023-11-16-19-ohio-state
9,Emma Shumate,14,3,5,.600,0,0,,3,5,.600,1,2,.500,0,0,0,0,0,2,2,1,10,ohio-state,2023-11-16-19-ohio-state
10,Kaia Henderson,10,0,1,.000,0,1,.000,0,0,,0,0,,0,0,0,2,0,0,0,0,0,ohio-state,2023-11-16-19-ohio-state
11,Eboni Walker,9,0,2,.000,0,2,.000,0,0,,0,0,,1,2,3,1,0,0,2,0,0,ohio-state,2023-11-16-19-ohio-state
12,Karla Vres,2,0,0,,0,0,,0,0,,0,0,,0,0,0,0,0,0,0,0,0,ohio-state,2023-11-16-19-ohio-state
13,Faith Carson,1,0,0,,0,0,,0,0,,0,0,,0,1,1,0,0,0,0,0,0,ohio-state,2023-11-16-19-ohio-state
0,Jacy Sheldon,34,7,10,.700,3,5,.600,4,5,.800,2,2,1.000,2,3,5,2,0,0,5,2,20,ohio-state,2023-11-20-13-east-carolina
1,Rebeka Mikulasikova,34,3,9,.333,1,5,.200,2,4,.500,4,4,1.000,0,1,1,3,2,0,3,3,12,ohio-state,2023-11-20-13-east-carolina
2,Celeste Taylor,31,2,7,.286,1,4,.250,1,3,.333,0,0,,2,2,4,3,3,0,4,4,5,ohio-state,2023-11-20-13-east-carolina
3,Cotie McMahon,27,4,8,.500,4,7,.571,0,1,.000,3,5,.600,0,7,7,1,0,0,4,4,11,ohio-state,2023-11-20-13-east-carolina
4,Taylor Thierry,26,5,6,.833,5,6,.833,0,0,,4,5,.800,2,6,8,4,2,1,3,4,14,ohio-state,2023-11-20-13-east-carolina
6,Rikki Harris,23,3,3,1.000,0,0,,3,3,1.000,2,3,.667,0,1,1,1,1,0,3,3,11,ohio-state,2023-11-20-13-east-carolina
7,Diana Collins,10,0,3,.000,0,1,.000,0,2,.000,2,2,1.000,0,1,1,0,0,0,0,2,2,ohio-state,2023-11-20-13-east-carolina
8,Taiyier Parks,6,2,2,1.000,2,2,1.000,0,0,,0,0,,0,1,1,0,0,0,0,1,4,ohio-state,2023-11-20-13-east-carolina
9,Emma Shumate,5,0,1,.000,0,0,,0,1,.000,0,0,,2,1,3,0,0,0,1,1,0,ohio-state,2023-11-20-13-east-carolina
10,Eboni Walker,2,0,0,,0,0,,0,0,,0,0,,0,0,0,0,0,0,1,0,0,ohio-state,2023-11-20-13-east-carolina
11,Kaia Henderson,1,0,0,,0,0,,0,0,,0,0,,0,0,0,1,0,0,0,0,0,ohio-state,2023-11-20-13-east-carolina
0,Synia Johnson,39,7,12,.583,7,11,.636,0,1,.000,0,0,,2,5,7,0,0,0,3,1,14,east-carolina,2023-11-20-13-east-carolina
1,Micah Dennis,34,1,10,.100,0,8,.000,1,2,.500,5,6,.833,0,3,3,4,1,0,4,4,8,east-carolina,2023-11-20-13-east-carolina
2,Danae McNeal,33,4,14,.286,3,10,.300,1,4,.250,2,4,.500,1,0,1,1,3,0,5,0,11,east-carolina,2023-11-20-13-east-carolina
3,Amiya Joyner,25,5,11,.455,5,10,.500,0,1,.000,2,4,.500,3,6,9,0,0,0,4,4,12,east-carolina,2023-11-20-13-east-carolina
4,Tatyana Wyche,15,0,2,.000,0,2,.000,0,0,,1,2,.500,4,1,5,1,0,0,1,3,1,east-carolina,2023-11-20-13-east-carolina
6,Morgan Moseley,19,1,2,.500,0,1,.000,1,1,1.000,0,0,,0,0,0,2,0,0,1,3,3,east-carolina,2023-11-20-13-east-carolina
7,Taliyah Wyche,12,0,1,.000,0,0,,0,1,.000,0,2,.000,0,1,1,0,0,0,0,3,0,east-carolina,2023-11-20-13-east-carolina
8,Khia Miller,11,0,3,.000,0,2,.000,0,1,.000,0,0,,0,0,0,0,0,0,0,1,0,east-carolina,2023-11-20-13-east-carolina
9,Karina Gordon,7,0,0,,0,0,,0,0,,2,2,1.000,0,0,0,0,1,0,0,0,2,east-carolina,2023-11-20-13-east-carolina
10,Jade Tillman,5,2,2,1.000,2,2,1.000,0,0,,0,0,,3,0,3,0,0,0,0,3,4,east-carolina,2023-11-20-13-east-carolina
11,Kimora Jenkins,3,0,0,,0,0,,0,0,,0,0,,0,0,0,0,0,0,2,1,0,east-carolina,2023-11-20-13-east-carolina
12,Bobbi Smith,3,0,0,,0,0,,0,0,,0,0,,0,0,0,0,0,0,0,0,0,east-carolina,2023-11-20-13-east-carolina
0,Quincy Noble,40,5,14,.357,3,8,.375,2,6,.333,0,0,,1,4,5,1,0,1,2,2,12,oklahoma-state,2023-11-22-18-ohio-state
1,Stailee Heard,33,6,9,.667,6,7,.857,0,2,.000,3,4,.750,5,2,7,0,1,0,2,4,15,oklahoma-state,2023-11-22-18-ohio-state
2,Anna Gret Asi,25,2,11,.182,1,4,.250,1,7,.143,1,2,.500,0,1,1,1,0,0,3,4,6,oklahoma-state,2023-11-22-18-ohio-state
3,Lior Garzon,25,1,6,.167,1,1,1.000,0,5,.000,0,0,,1,1,2,0,0,0,1,0,2,oklahoma-state,2023-11-22-18-ohio-state
4,Praise Egharevba,12,0,1,.000,0,1,.000,0,0,,1,2,.500,1,3,4,0,0,0,0,5,1,oklahoma-state,2023-11-22-18-ohio-state
6,Kennedy Fauntleroy,26,2,11,.182,2,9,.222,0,2,.000,3,4,.750,0,6,6,1,3,0,3,1,7,oklahoma-state,2023-11-22-18-ohio-state
7,Rylee Langerman,21,1,4,.250,1,3,.333,0,1,.000,2,2,1.000,1,2,3,1,1,0,0,4,4,oklahoma-state,2023-11-22-18-ohio-state
8,Chandler Prater,19,5,10,.500,5,9,.556,0,1,.000,0,0,,5,6,11,1,1,0,4,1,10,oklahoma-state,2023-11-22-18-ohio-state
0,Jacy Sheldon,40,8,18,.444,6,9,.667,2,9,.222,4,4,1.000,1,5,6,5,4,0,3,1,22,ohio-state,2023-11-22-18-ohio-state
1,Taylor Thierry,36,6,13,.462,6,13,.462,0,0,,4,7,.571,9,5,14,1,1,0,3,2,16,ohio-state,2023-11-22-18-ohio-state
2,Cotie McMahon,30,6,10,.600,5,7,.714,1,3,.333,1,3,.333,1,5,6,4,0,0,4,3,14,ohio-state,2023-11-22-18-ohio-state
3,Rebeka Mikulasikova,24,2,7,.286,2,5,.400,0,2,.000,2,2,1.000,0,3,3,0,0,0,1,0,6,ohio-state,2023-11-22-18-ohio-state
4,Celeste Taylor,24,2,7,.286,2,4,.500,0,3,.000,1,3,.333,2,3,5,2,0,0,1,4,5,ohio-state,2023-11-22-18-ohio-state
6,Rikki Harris,20,0,3,.000,0,0,,0,3,.000,0,0,,0,2,2,1,1,2,1,2,0,ohio-state,2023-11-22-18-ohio-state
7,Emma Shumate,13,3,7,.429,1,1,1.000,2,6,.333,0,0,,1,4,5,0,0,0,0,2,8,ohio-state,2023-11-22-18-ohio-state
8,Taiyier Parks,8,1,1,1.000,1,1,1.000,0,0,,0,0,,0,0,0,0,0,0,0,1,2,ohio-state,2023-11-22-18-ohio-state
9,Diana Collins,6,1,2,.500,1,1,1.000,0,1,.000,0,0,,0,2,2,0,0,0,0,0,2,ohio-state,2023-11-22-18-ohio-state
10,Kaia Henderson,0,0,0,,0,0,,0,0,,0,0,,0,0,0,0,0,0,0,0,0,ohio-state,2023-11-22-18-ohio-state
0,Summer Parker-Hall,32,6,11,.545,5,9,.556,1,2,.500,0,0,,0,4,4,1,0,1,1,3,13,cornell,2023-11-26-13-ohio-state
1,Kaya Ingram,26,2,7,.286,2,6,.333,0,1,.000,0,0,,0,2,2,4,0,0,6,3,4,cornell,2023-11-26-13-ohio-state
2,Azareya Kilgoe,24,1,4,.250,1,2,.500,0,2,.000,1,2,.500,0,2,2,4,0,0,5,0,3,cornell,2023-11-26-13-ohio-state
3,Mia Beam,22,1,1,1.000,1,1,1.000,0,0,,0,0,,0,3,3,0,0,0,4,2,2,cornell,2023-11-26-13-ohio-state
4,Emily Pape,21,3,12,.250,3,9,.333,0,3,.000,0,0,,0,7,7,1,0,0,1,3,6,cornell,2023-11-26-13-ohio-state
6,Clarke Jackson,24,2,6,.333,2,6,.333,0,0,,0,0,,0,2,2,0,1,0,3,1,4,cornell,2023-11-26-13-ohio-state
7,Rachel Kaus,20,3,7,.429,3,7,.429,0,0,,0,0,,3,1,4,0,1,1,0,1,6,cornell,2023-11-26-13-ohio-state
8,Vivienne Knee,16,0,2,.000,0,1,.000,0,1,.000,0,0,,4,3,7,0,0,0,2,1,0,cornell,2023-11-26-13-ohio-state
9,Jada Davis,4,1,2,.500,1,2,.500,0,0,,0,0,,0,1,1,0,0,0,0,0,2,cornell,2023-11-26-13-ohio-state
10,Val Garcia-Martinez,4,0,2,.000,0,1,.000,0,1,.000,0,0,,0,3,3,0,0,0,1,0,0,cornell,2023-11-26-13-ohio-state
11,Sarah Hathorn,3,0,2,.000,0,0,,0,2,.000,0,0,,0,0,0,0,0,0,0,0,0,cornell,2023-11-26-13-ohio-state
12,Maya Watts,2,0,0,,0,0,,0,0,,0,0,,0,0,0,0,0,0,1,0,0,cornell,2023-11-26-13-ohio-state
0,Celeste Taylor,21,1,4,.250,1,2,.500,0,2,.000,0,0,,0,4,4,7,1,1,1,0,2,ohio-state,2023-11-26-13-ohio-state
1,Taylor Thierry,21,5,9,.556,5,9,.556,0,0,,3,4,.750,3,3,6,4,2,1,0,1,13,ohio-state,2023-11-26-13-ohio-state
2,Cotie McMahon,19,4,6,.667,3,4,.750,1,2,.500,5,6,.833,0,2,2,4,2,0,1,0,14,ohio-state,2023-11-26-13-ohio-state
3,Jacy Sheldon,18,4,7,.571,2,4,.500,2,3,.667,0,0,,0,0,0,3,4,0,1,2,10,ohio-state,2023-11-26-13-ohio-state
4,Rebeka Mikulasikova,17,7,9,.778,7,8,.875,0,1,.000,0,0,,0,0,0,0,1,0,0,0,14,ohio-state,2023-11-26-13-ohio-state
6,Diana Collins,21,3,12,.250,3,9,.333,0,3,.000,2,2,1.000,2,3,5,0,2,1,2,1,8,ohio-state,2023-11-26-13-ohio-state
7,Taiyier Parks,19,3,9,.333,3,9,.333,0,0,,0,2,.000,3,5,8,2,1,1,0,2,6,ohio-state,2023-11-26-13-ohio-state
8,Emma Shumate,17,3,5,.600,0,0,,3,5,.600,0,2,.000,0,1,1,0,1,0,1,1,9,ohio-state,2023-11-26-13-ohio-state
9,Rikki Harris,16,1,4,.250,0,1,.000,1,3,.333,0,0,,0,1,1,0,0,0,0,2,3,ohio-state,2023-11-26-13-ohio-state
10,Kaia Henderson,16,0,2,.000,0,2,.000,0,0,,0,0,,1,1,2,1,0,0,1,2,0,ohio-state,2023-11-26-13-ohio-state
11,Eboni Walker,11,1,1,1.000,1,1,1.000,0,0,,2,2,1.000,1,4,5,3,0,0,0,0,4,ohio-state,2023-11-26-13-ohio-state
12,Karla Vres,4,0,0,,0,0,,0,0,,0,0,,0,1,1,0,0,0,0,1,0,ohio-state,2023-11-26-13-ohio-state
13,Faith Carson,1,0,0,,0,0,,0,0,,0,0,,0,0,0,0,0,0,0,0,0,ohio-state,2023-11-26-13-ohio-state
0,Jacy Sheldon,38,6,15,.400,5,10,.500,1,5,.200,0,2,.000,3,4,7,6,4,1,3,1,13,ohio-state,2023-12-03-17-tennessee
1,Celeste Taylor,35,6,12,.500,5,8,.625,1,4,.250,2,4,.500,6,6,12,3,2,1,3,2,15,ohio-state,2023-12-03-17-tennessee
2,Taylor Thierry,35,4,10,.400,4,9,.444,0,1,.000,1,1,1.000,1,3,4,1,3,0,0,3,9,ohio-state,2023-12-03-17-tennessee
3,Cotie McMahon,29,6,16,.375,5,13,.385,1,3,.333,6,6,1.000,2,5,7,3,2,0,3,5,19,ohio-state,2023-12-03-17-tennessee
4,Rebeka Mikulasikova,20,7,10,.700,4,5,.800,3,5,.600,1,2,.500,0,4,4,2,0,0,1,4,18,ohio-state,2023-12-03-17-tennessee
6,Rikki Harris,18,0,2,.000,0,1,.000,0,1,.000,0,2,.000,0,1,1,1,0,0,0,3,0,ohio-state,2023-12-03-17-tennessee
7,Taiyier Parks,13,1,4,.250,1,3,.333,0,1,.000,0,0,,1,1,2,0,0,1,0,2,2,ohio-state,2023-12-03-17-tennessee
8,Eboni Walker,8,0,2,.000,0,1,.000,0,1,.000,2,2,1.000,1,1,2,0,0,1,1,1,2,ohio-state,2023-12-03-17-tennessee
9,Kaia Henderson,2,0,2,.000,0,1,.000,0,1,.000,0,0,,0,1,1,0,0,0,0,0,0,ohio-state,2023-12-03-17-tennessee
10,Emma Shumate,2,0,0,,0,0,,0,0,,0,0,,0,0,0,0,0,0,0,0,0,ohio-state,2023-12-03-17-tennessee
11,Diana Collins,1,0,0,,0,0,,0,0,,0,0,,0,1,1,0,0,0,0,0,0,ohio-state,2023-12-03-17-tennessee
12,Karla Vres,1,0,0,,0,0,,0,0,,0,0,,0,0,0,0,0,0,0,0,0,ohio-state,2023-12-03-17-tennessee
0,Tess Darby,29,2,11,.182,0,2,.000,2,9,.222,0,0,,1,2,3,1,2,0,1,4,6,tennessee,2023-12-03-17-tennessee
1,Jillian Hollingshead,26,2,3,.667,2,2,1.000,0,1,.000,1,2,.500,0,7,7,3,1,0,2,0,5,tennessee,2023-12-03-17-tennessee
2,Sara Puckett,23,5,8,.625,5,6,.833,0,2,.000,0,0,,2,4,6,0,0,0,3,3,10,tennessee,2023-12-03-17-tennessee
3,Jewel Spear,20,0,9,.000,0,1,.000,0,8,.000,0,0,,1,0,1,2,0,0,1,1,0,tennessee,2023-12-03-17-tennessee
4,Jasmine Powell,17,1,4,.250,1,3,.333,0,1,.000,0,0,,0,1,1,1,1,0,2,3,2,tennessee,2023-12-03-17-tennessee
6,Destinee Wells,27,4,9,.444,3,7,.429,1,2,.500,2,2,1.000,0,3,3,3,1,0,3,1,11,tennessee,2023-12-03-17-tennessee
7,Kaiya Wynn,16,1,2,.500,1,2,.500,0,0,,4,6,.667,1,3,4,1,1,0,1,1,6,tennessee,2023-12-03-17-tennessee
8,Tamari Key,16,3,4,.750,3,4,.750,0,0,,3,6,.500,1,3,4,1,1,2,1,2,9,tennessee,2023-12-03-17-tennessee
9,Avery Strickland,12,1,4,.250,0,1,.000,1,3,.333,1,2,.500,0,2,2,0,0,0,1,0,4,tennessee,2023-12-03-17-tennessee
10,Karoline Striplin,12,1,3,.333,0,2,.000,1,1,1.000,2,2,1.000,0,1,1,0,0,3,3,1,5,tennessee,2023-12-03-17-tennessee
11,Edie Darby,2,0,0,,0,0,,0,0,,0,0,,0,0,0,0,0,0,0,0,0,tennessee,2023-12-03-17-tennessee
0,Jaya McClure,30,3,9,.333,2,6,.333,1,3,.333,2,2,1.000,0,2,2,3,0,0,3,3,9,ohio,2023-12-05-19-ohio-state
1,Monica Williams,22,2,7,.286,1,5,.200,1,2,.500,0,0,,0,2,2,1,1,0,1,4,5,ohio,2023-12-05-19-ohio-state
2,Kennedi Watkins,16,2,7,.286,1,5,.200,1,2,.500,0,0,,0,1,1,0,1,1,0,2,5,ohio,2023-12-05-19-ohio-state
3,Bengisu Alper,12,0,2,.000,0,1,.000,0,1,.000,0,0,,1,5,6,1,0,0,2,4,0,ohio,2023-12-05-19-ohio-state
4,Kate Dennis,11,1,2,.500,0,1,.000,1,1,1.000,0,0,,0,0,0,0,1,0,0,0,3,ohio,2023-12-05-19-ohio-state
6,Laylay Fantroy,21,2,4,.500,2,3,.667,0,1,.000,0,0,,1,3,4,0,1,0,3,1,4,ohio,2023-12-05-19-ohio-state
7,Bailey Tabeling,19,2,2,1.000,0,0,,2,2,1.000,0,0,,0,2,2,1,1,0,3,0,6,ohio,2023-12-05-19-ohio-state
8,Madi Mace,18,1,4,.250,1,3,.333,0,1,.000,0,0,,0,4,4,0,1,0,8,4,2,ohio,2023-12-05-19-ohio-state
9,Cassidy Lafler,16,0,6,.000,0,3,.000,0,3,.000,0,0,,0,2,2,0,1,0,3,1,0,ohio,2023-12-05-19-ohio-state
10,Kailah Johnson,10,1,2,.500,1,2,.500,0,0,,2,2,1.000,0,1,1,0,1,0,0,1,4,ohio,2023-12-05-19-ohio-state
11,Asiah Baxter,10,0,2,.000,0,2,.000,0,0,,0,0,,0,2,2,0,0,0,0,1,0,ohio,2023-12-05-19-ohio-state
12,Peyton Guice,8,0,2,.000,0,1,.000,0,1,.000,2,2,1.000,0,0,0,2,0,0,1,1,2,ohio,2023-12-05-19-ohio-state
13,Emma Barnett,7,2,5,.400,1,1,1.000,1,4,.250,0,0,,0,0,0,0,0,0,0,1,5,ohio,2023-12-05-19-ohio-state
0,Celeste Taylor,27,1,9,.111,0,6,.000,1,3,.333,2,2,1.000,1,3,4,7,5,2,6,3,5,ohio-state,2023-12-05-19-ohio-state
1,Taylor Thierry,23,5,9,.556,5,7,.714,0,2,.000,5,6,.833,3,1,4,1,5,0,0,1,15,ohio-state,2023-12-05-19-ohio-state
2,Jacy Sheldon,20,1,4,.250,1,2,.500,0,2,.000,0,0,,0,1,1,2,1,0,5,1,2,ohio-state,2023-12-05-19-ohio-state
3,Cotie McMahon,18,6,9,.667,5,5,1.000,1,4,.250,1,3,.333,1,6,7,1,1,0,2,2,14,ohio-state,2023-12-05-19-ohio-state
4,Rebeka Mikulasikova,17,4,7,.571,2,4,.500,2,3,.667,3,3,1.000,1,6,7,3,2,0,0,0,13,ohio-state,2023-12-05-19-ohio-state
6,Emma Shumate,22,7,12,.583,1,2,.500,6,10,.600,2,2,1.000,2,1,3,2,0,0,0,1,22,ohio-state,2023-12-05-19-ohio-state
7,Taiyier Parks,19,1,2,.500,1,2,.500,0,0,,1,2,.500,1,6,7,0,0,1,1,0,3,ohio-state,2023-12-05-19-ohio-state
8,Rikki Harris,18,0,3,.000,0,0,,0,3,.000,0,0,,0,3,3,2,0,0,0,2,0,ohio-state,2023-12-05-19-ohio-state
9,Eboni Walker,16,0,1,.000,0,1,.000,0,0,,1,2,.500,1,2,3,1,0,0,0,2,1,ohio-state,2023-12-05-19-ohio-state
10,Kaia Henderson,10,3,3,1.000,3,3,1.000,0,0,,0,0,,0,3,3,2,0,0,1,0,6,ohio-state,2023-12-05-19-ohio-state
11,Diana Collins,8,1,4,.250,0,2,.000,1,2,.500,1,2,.500,0,0,0,0,1,0,2,3,4,ohio-state,2023-12-05-19-ohio-state
12,Karla Vres,2,0,0,,0,0,,0,0,,0,0,,0,1,1,0,0,0,0,0,0,ohio-state,2023-12-05-19-ohio-state
0,Shay Ciezki,43,7,17,.412,4,10,.400,3,7,.429,2,2,1.000,3,3,6,4,1,0,3,3,19,penn-state,2023-12-10-13-ohio-state
1,Makenna Marisa,41,11,21,.524,8,15,.533,3,6,.500,3,5,.600,0,8,8,3,1,0,2,1,28,penn-state,2023-12-10-13-ohio-state
2,Ali Brigham,31,4,4,1.000,4,4,1.000,0,0,,0,0,,2,8,10,0,0,1,3,5,8,penn-state,2023-12-10-13-ohio-state
3,Leilani Kapinus,21,3,7,.429,3,6,.500,0,1,.000,2,3,.667,2,2,4,1,2,0,4,5,8,penn-state,2023-12-10-13-ohio-state
4,Chanaya Pinto,10,0,1,.000,0,1,.000,0,0,,0,0,,0,1,1,0,2,0,1,5,0,penn-state,2023-12-10-13-ohio-state
6,Moriah Murray,27,2,3,.667,0,0,,2,3,.667,0,0,,0,2,2,4,2,0,0,3,6,penn-state,2023-12-10-13-ohio-state
7,Taylor Valladay,19,3,5,.600,3,5,.600,0,0,,2,4,.500,0,0,0,1,0,0,2,5,8,penn-state,2023-12-10-13-ohio-state
8,Jayla Oden,18,1,6,.167,0,5,.000,1,1,1.000,2,2,1.000,0,3,3,1,0,0,3,2,5,penn-state,2023-12-10-13-ohio-state
9,Kylie Lavelle,15,1,2,.500,1,2,.500,0,0,,0,0,,0,1,1,0,0,0,1,3,2,penn-state,2023-12-10-13-ohio-state
10,Grace Hall,2,0,0,,0,0,,0,0,,0,0,,0,1,1,0,0,0,1,1,0,penn-state,2023-12-10-13-ohio-state
0,Jacy Sheldon,45,8,13,.615,6,9,.667,2,4,.500,13,14,.929,0,5,5,3,1,1,2,4,31,ohio-state,2023-12-10-13-ohio-state
1,Celeste Taylor,39,5,12,.417,3,5,.600,2,7,.286,1,4,.250,2,9,11,4,1,0,0,4,13,ohio-state,2023-12-10-13-ohio-state
2,Cotie McMahon,39,11,18,.611,11,17,.647,0,1,.000,5,14,.357,0,8,8,0,3,0,3,2,27,ohio-state,2023-12-10-13-ohio-state
3,Taylor Thierry,37,2,6,.333,2,6,.333,0,0,,3,4,.750,3,1,4,2,1,0,4,3,7,ohio-state,2023-12-10-13-ohio-state
4,Rebeka Mikulasikova,33,3,9,.333,1,4,.250,2,5,.400,0,0,,2,2,4,2,1,0,3,1,8,ohio-state,2023-12-10-13-ohio-state
6,Rikki Harris,15,0,1,.000,0,0,,0,1,.000,3,4,.750,1,2,3,3,0,0,0,1,3,ohio-state,2023-12-10-13-ohio-state
7,Taiyier Parks,7,2,2,1.000,2,2,1.000,0,0,,1,2,.500,1,0,1,1,0,0,0,0,5,ohio-state,2023-12-10-13-ohio-state
8,Emma Shumate,5,0,2,.000,0,0,,0,2,.000,0,0,,0,0,0,0,0,0,0,1,0,ohio-state,2023-12-10-13-ohio-state
9,Madison Greene,4,0,1,.000,0,1,.000,0,0,,0,0,,0,0,0,0,0,0,0,0,0,ohio-state,2023-12-10-13-ohio-state
0,Ellie Droste,31,6,11,.545,4,6,.667,2,5,.400,3,5,.600,0,1,1,0,1,0,8,2,17,grand-valley-state,2023-12-15-18-ohio-state
1,Rylie Bisballe,31,2,4,.500,2,3,.667,0,1,.000,0,0,,1,3,4,2,0,1,3,1,4,grand-valley-state,2023-12-15-18-ohio-state
2,Abrie Cabana,21,2,7,.286,1,3,.333,1,4,.250,0,0,,0,1,1,0,1,0,5,0,5,grand-valley-state,2023-12-15-18-ohio-state
3,Megan Crow,21,1,3,.333,1,2,.500,0,1,.000,4,4,1.000,1,5,6,1,0,0,3,4,6,grand-valley-state,2023-12-15-18-ohio-state
4,Hadley Miller,21,2,4,.500,2,4,.500,0,0,,0,0,,1,4,5,1,1,0,1,2,4,grand-valley-state,2023-12-15-18-ohio-state
6,Ava Scanlon,16,1,4,.250,1,2,.500,0,2,.000,4,8,.500,2,5,7,1,2,1,0,2,6,grand-valley-state,2023-12-15-18-ohio-state
7,Nicole Kamin,13,0,2,.000,0,2,.000,0,0,,0,0,,0,1,1,0,0,0,5,1,0,grand-valley-state,2023-12-15-18-ohio-state
8,Avery Zeinstra,13,2,3,.667,1,2,.500,1,1,1.000,0,0,,0,1,1,2,0,0,1,2,5,grand-valley-state,2023-12-15-18-ohio-state
9,Lexi Plitzuweit,12,0,2,.000,0,2,.000,0,0,,2,2,1.000,0,2,2,1,1,0,2,2,2,grand-valley-state,2023-12-15-18-ohio-state
10,Molly Anderson,10,0,1,.000,0,0,,0,1,.000,0,0,,0,1,1,1,1,0,1,0,0,grand-valley-state,2023-12-15-18-ohio-state
11,Macy Bisballe,10,0,0,,0,0,,0,0,,0,0,,0,1,1,0,0,0,0,1,0,grand-valley-state,2023-12-15-18-ohio-state
0,Taylor Thierry,21,5,5,1.000,5,5,1.000,0,0,,1,2,.500,0,2,2,1,2,0,0,0,11,ohio-state,2023-12-15-18-ohio-state
1,Jacy Sheldon,21,7,8,.875,7,7,1.000,0,1,.000,1,2,.500,0,0,0,2,3,0,0,1,15,ohio-state,2023-12-15-18-ohio-state
2,Rebeka Mikulasikova,17,2,5,.400,1,3,.333,1,2,.500,2,2,1.000,0,1,1,2,1,0,1,0,7,ohio-state,2023-12-15-18-ohio-state
3,Celeste Taylor,16,2,6,.333,2,5,.400,0,1,.000,5,5,1.000,0,1,1,1,3,1,0,2,9,ohio-state,2023-12-15-18-ohio-state
4,Cotie McMahon,16,2,7,.286,2,5,.400,0,2,.000,2,3,.667,1,6,7,0,2,1,3,2,6,ohio-state,2023-12-15-18-ohio-state
6,Madison Greene,21,2,4,.500,2,4,.500,0,0,,2,2,1.000,0,1,1,1,1,0,0,1,6,ohio-state,2023-12-15-18-ohio-state
7,Diana Collins,18,0,6,.000,0,5,.000,0,1,.000,0,0,,2,1,3,0,1,0,0,0,0,ohio-state,2023-12-15-18-ohio-state
8,Emma Shumate,16,1,4,.250,1,2,.500,0,2,.000,0,0,,0,1,1,0,2,0,1,1,2,ohio-state,2023-12-15-18-ohio-state
9,Rikki Harris,16,3,4,.750,3,3,1.000,0,1,.000,1,1,1.000,0,0,0,1,4,0,3,1,7,ohio-state,2023-12-15-18-ohio-state
10,Taiyier Parks,16,1,5,.200,1,5,.200,0,0,,6,8,.750,2,1,3,0,2,0,1,5,8,ohio-state,2023-12-15-18-ohio-state
11,Eboni Walker,16,0,7,.000,0,7,.000,0,0,,0,0,,3,1,4,1,1,0,2,1,0,ohio-state,2023-12-15-18-ohio-state
12,Karla Vres,3,1,1,1.000,1,1,1.000,0,0,,0,0,,1,0,1,0,0,0,1,1,2,ohio-state,2023-12-15-18-ohio-state
13,Kaia Henderson,3,0,1,.000,0,1,.000,0,0,,0,0,,0,1,1,0,0,0,0,0,0,ohio-state,2023-12-15-18-ohio-state
0,Charisma Osborne,36,4,12,.333,1,5,.200,3,7,.429,8,10,.800,1,2,3,3,2,0,4,2,19,ucla,2023-12-18-18-ohio-state
1,Kiki Rice,33,6,12,.500,6,9,.667,0,3,.000,3,4,.750,0,3,3,4,1,2,2,3,15,ucla,2023-12-18-18-ohio-state
2,Lauren Betts,29,8,11,.727,8,11,.727,0,0,,1,2,.500,3,8,11,0,0,5,2,3,17,ucla,2023-12-18-18-ohio-state
3,Londynn Jones,28,3,11,.273,3,6,.500,0,5,.000,2,2,1.000,2,1,3,4,0,0,1,2,8,ucla,2023-12-18-18-ohio-state
4,Angela Dugalic,21,2,7,.286,1,3,.333,1,4,.250,0,0,,0,6,6,2,0,0,4,2,5,ucla,2023-12-18-18-ohio-state
6,Gabriela Jaquez,21,5,6,.833,5,5,1.000,0,1,.000,1,2,.500,0,4,4,2,0,0,2,1,11,ucla,2023-12-18-18-ohio-state
7,Camryn Brown,11,0,0,,0,0,,0,0,,0,0,,1,0,1,1,0,1,1,1,0,ucla,2023-12-18-18-ohio-state
8,Lina Sontag,11,0,0,,0,0,,0,0,,0,0,,0,1,1,2,1,0,0,4,0,ucla,2023-12-18-18-ohio-state
9,Christeen Iwuala,10,1,1,1.000,1,1,1.000,0,0,,0,0,,1,2,3,0,0,0,1,1,2,ucla,2023-12-18-18-ohio-state
0,Jacy Sheldon,40,12,23,.522,9,17,.529,3,6,.500,3,3,1.000,1,2,3,3,1,0,1,3,30,ohio-state,2023-12-18-18-ohio-state
1,Cotie McMahon,35,2,14,.143,0,9,.000,2,5,.400,1,2,.500,1,5,6,0,1,1,2,1,7,ohio-state,2023-12-18-18-ohio-state
2,Taylor Thierry,33,6,9,.667,4,5,.800,2,4,.500,6,8,.750,3,1,4,1,4,1,1,4,20,ohio-state,2023-12-18-18-ohio-state
3,Celeste Taylor,32,1,7,.143,1,5,.200,0,2,.000,2,2,1.000,1,3,4,3,2,1,5,4,4,ohio-state,2023-12-18-18-ohio-state
4,Rebeka Mikulasikova,30,3,8,.375,1,2,.500,2,6,.333,0,0,,0,3,3,2,1,0,3,3,8,ohio-state,2023-12-18-18-ohio-state
6,Rikki Harris,10,1,2,.500,1,1,1.000,0,1,.000,0,0,,1,1,2,1,0,0,0,2,2,ohio-state,2023-12-18-18-ohio-state
7,Taiyier Parks,9,0,1,.000,0,1,.000,0,0,,0,0,,0,0,0,0,0,0,2,2,0,ohio-state,2023-12-18-18-ohio-state
8,Madison Greene,8,0,1,.000,0,1,.000,0,0,,0,0,,2,0,2,0,0,0,1,0,0,ohio-state,2023-12-18-18-ohio-state
9,Emma Shumate,3,0,0,,0,0,,0,0,,0,0,,0,0,0,0,0,0,0,0,0,ohio-state,2023-12-18-18-ohio-state
0,Kilyn McGuff,32,2,10,.200,2,4,.500,0,6,.000,0,0,,0,6,6,2,1,0,2,2,4,belmont,2023-12-22-13-ohio-state
1,Tuti Jones,31,1,7,.143,0,3,.000,1,4,.250,0,0,,2,3,5,4,5,0,3,2,3,belmont,2023-12-22-13-ohio-state
2,Tessa Miller,27,6,10,.600,6,10,.600,0,0,,3,4,.750,2,0,2,3,0,0,6,2,15,belmont,2023-12-22-13-ohio-state
3,Jailyn Banks,26,1,7,.143,1,5,.200,0,2,.000,5,6,.833,1,1,2,3,2,0,5,2,7,belmont,2023-12-22-13-ohio-state
4,Kendal Cheesman,25,5,9,.556,2,2,1.000,3,7,.429,0,0,,1,3,4,0,0,1,3,2,13,belmont,2023-12-22-13-ohio-state
6,Carmyn Harrison,20,3,4,.750,3,4,.750,0,0,,0,0,,0,1,1,2,2,0,2,1,6,belmont,2023-12-22-13-ohio-state
7,Blair Schoenwald,18,1,2,.500,0,0,,1,2,.500,2,2,1.000,0,1,1,0,0,0,0,0,5,belmont,2023-12-22-13-ohio-state
8,Kate Hollifield,10,0,1,.000,0,0,,0,1,.000,0,0,,1,1,2,0,0,0,1,1,0,belmont,2023-12-22-13-ohio-state
9,Kensley Feltner,5,0,1,.000,0,0,,0,1,.000,2,2,1.000,0,1,1,0,1,0,1,0,2,belmont,2023-12-22-13-ohio-state
10,Claire Hyde,5,0,1,.000,0,1,.000,0,0,,0,0,,0,0,0,0,0,0,0,0,0,belmont,2023-12-22-13-ohio-state
0,Jacy Sheldon,36,12,18,.667,7,9,.778,5,9,.556,2,4,.500,0,2,2,3,2,0,4,1,31,ohio-state,2023-12-22-13-ohio-state
1,Celeste Taylor,27,5,10,.500,2,5,.400,3,5,.600,2,2,1.000,3,2,5,1,1,1,2,2,15,ohio-state,2023-12-22-13-ohio-state
2,Taylor Thierry,26,4,6,.667,3,4,.750,1,2,.500,0,2,.000,3,6,9,3,1,2,0,4,9,ohio-state,2023-12-22-13-ohio-state
3,Cotie McMahon,24,0,4,.000,0,4,.000,0,0,,1,2,.500,1,2,3,1,0,1,2,2,1,ohio-state,2023-12-22-13-ohio-state
4,Rebeka Mikulasikova,12,0,1,.000,0,0,,0,1,.000,0,0,,0,2,2,5,0,1,1,2,0,ohio-state,2023-12-22-13-ohio-state
6,Eboni Walker,21,4,5,.800,4,5,.800,0,0,,0,0,,3,4,7,1,2,0,3,0,8,ohio-state,2023-12-22-13-ohio-state
7,Rikki Harris,20,3,7,.429,1,2,.500,2,5,.400,2,2,1.000,0,3,3,1,4,0,0,1,10,ohio-state,2023-12-22-13-ohio-state
8,Emma Shumate,12,1,4,.250,0,1,.000,1,3,.333,0,0,,0,2,2,0,0,0,2,0,3,ohio-state,2023-12-22-13-ohio-state
9,Taiyier Parks,9,1,3,.333,1,3,.333,0,0,,0,0,,1,1,2,1,0,0,0,2,2,ohio-state,2023-12-22-13-ohio-state
10,Madison Greene,8,0,1,.000,0,0,,0,1,.000,0,0,,0,0,0,1,0,0,0,1,0,ohio-state,2023-12-22-13-ohio-state
11,Diana Collins,4,2,2,1.000,2,2,1.000,0,0,,1,2,.500,0,0,0,0,1,0,1,0,5,ohio-state,2023-12-22-13-ohio-state
12,Kaia Henderson,2,0,0,,0,0,,0,0,,0,0,,0,1,1,0,0,0,0,0,0,ohio-state,2023-12-22-13-ohio-state
0,Celeste Taylor,39,7,15,.467,5,6,.833,2,9,.222,0,0,,0,4,4,4,2,1,3,5,16,ohio-state,2023-12-30-12-michigan
1,Jacy Sheldon,38,3,9,.333,2,3,.667,1,6,.167,0,0,,1,1,2,2,0,1,5,3,7,ohio-state,2023-12-30-12-michigan
2,Taylor Thierry,36,5,7,.714,5,6,.833,0,1,.000,5,6,.833,3,6,9,1,2,1,1,4,15,ohio-state,2023-12-30-12-michigan
3,Rebeka Mikulasikova,26,2,4,.500,1,3,.333,1,1,1.000,0,0,,0,4,4,1,0,1,4,3,5,ohio-state,2023-12-30-12-michigan
4,Cotie McMahon,17,2,6,.333,2,4,.500,0,2,.000,1,2,.500,0,0,0,1,0,0,3,4,5,ohio-state,2023-12-30-12-michigan
6,Rikki Harris,23,3,8,.375,2,3,.667,1,5,.200,3,5,.600,1,3,4,1,2,0,2,1,10,ohio-state,2023-12-30-12-michigan
7,Eboni Walker,9,1,2,.500,1,2,.500,0,0,,0,0,,0,1,1,0,1,0,1,0,2,ohio-state,2023-12-30-12-michigan
8,Emma Shumate,6,0,0,,0,0,,0,0,,0,0,,0,0,0,0,0,0,0,1,0,ohio-state,2023-12-30-12-michigan
9,Taiyier Parks,3,0,0,,0,0,,0,0,,0,0,,0,0,0,2,0,0,0,1,0,ohio-state,2023-12-30-12-michigan
10,Madison Greene,3,0,1,.000,0,1,.000,0,0,,0,0,,0,0,0,1,0,0,0,0,0,ohio-state,2023-12-30-12-michigan
0,Laila Phelia,40,10,22,.455,8,18,.444,2,4,.500,4,7,.571,1,3,4,0,2,0,1,1,26,michigan,2023-12-30-12-michigan
1,Elissa Brett,37,2,4,.500,0,0,,2,4,.500,4,4,1.000,0,4,4,2,0,0,1,3,10,michigan,2023-12-30-12-michigan
2,Chyra Evans,36,0,5,.000,0,3,.000,0,2,.000,0,2,.000,1,7,8,3,0,1,4,3,0,michigan,2023-12-30-12-michigan
3,Jordan Hobbs,36,4,6,.667,2,3,.667,2,3,.667,1,2,.500,1,5,6,0,0,0,2,1,11,michigan,2023-12-30-12-michigan
4,Lauren Hansen,34,6,15,.400,5,8,.625,1,7,.143,4,6,.667,1,1,2,2,4,0,5,0,17,michigan,2023-12-30-12-michigan
6,Taylor Williams,7,1,1,1.000,1,1,1.000,0,0,,3,4,.750,2,0,2,1,0,0,0,1,5,michigan,2023-12-30-12-michigan
7,Elise Stuck,6,0,0,,0,0,,0,0,,0,0,,1,0,1,0,0,0,0,1,0,michigan,2023-12-30-12-michigan
8,Cameron Williams,2,0,0,,0,0,,0,0,,0,0,,0,0,0,0,0,0,1,1,0,michigan,2023-12-30-12-michigan
9,Greta Kampschroeder,2,0,0,,0,0,,0,0,,0,0,,0,0,0,0,0,0,1,1,0,michigan,2023-12-30-12-michigan
0,Cotie McMahon,29,3,11,.273,3,11,.273,0,0,,4,4,1.000,2,1,3,0,3,1,4,2,10,ohio-state,2024-01-05-20-northwestern
1,Jacy Sheldon,27,7,11,.636,6,8,.750,1,3,.333,3,3,1.000,0,3,3,3,2,0,1,0,18,ohio-state,2024-01-05-20-northwestern
2,Eboni Walker,25,5,7,.714,5,7,.714,0,0,,1,1,1.000,3,3,6,6,1,0,0,0,11,ohio-state,2024-01-05-20-northwestern
3,Taylor Thierry,23,3,7,.429,3,6,.500,0,1,.000,4,4,1.000,2,1,3,3,2,0,0,0,10,ohio-state,2024-01-05-20-northwestern
4,Celeste Taylor,22,5,11,.455,3,7,.429,2,4,.500,3,3,1.000,0,2,2,2,2,3,0,2,15,ohio-state,2024-01-05-20-northwestern
6,Madison Greene,20,2,4,.500,2,3,.667,0,1,.000,2,4,.500,1,1,2,5,3,0,0,2,6,ohio-state,2024-01-05-20-northwestern
7,Rikki Harris,16,1,4,.250,0,0,,1,4,.250,0,0,,0,0,0,2,0,0,0,1,3,ohio-state,2024-01-05-20-northwestern
8,Taiyier Parks,15,2,7,.286,2,7,.286,0,0,,0,0,,1,4,5,0,1,1,0,2,4,ohio-state,2024-01-05-20-northwestern
9,Diana Collins,13,4,5,.800,2,2,1.000,2,3,.667,0,0,,0,1,1,1,1,0,1,3,10,ohio-state,2024-01-05-20-northwestern
10,Emma Shumate,8,1,2,.500,0,0,,1,2,.500,0,0,,0,0,0,1,0,1,0,0,3,ohio-state,2024-01-05-20-northwestern
11,Kaia Henderson,2,0,0,,0,0,,0,0,,0,0,,0,0,0,0,0,0,0,0,0,ohio-state,2024-01-05-20-northwestern
0,Casey Harter,31,0,3,.000,0,3,.000,0,0,,3,4,.750,1,3,4,2,0,0,2,2,3,northwestern,2024-01-05-20-northwestern
1,Caroline Lau,29,3,5,.600,0,2,.000,3,3,1.000,0,0,,0,5,5,4,0,0,5,1,9,northwestern,2024-01-05-20-northwestern
2,Paige Mott,28,5,8,.625,5,7,.714,0,1,.000,0,0,,1,5,6,1,0,0,5,3,10,northwestern,2024-01-05-20-northwestern
3,Caileigh Walsh,23,6,11,.545,4,8,.500,2,3,.667,0,0,,1,4,5,2,0,3,3,4,14,northwestern,2024-01-05-20-northwestern
4,Melannie Daley,21,1,6,.167,1,6,.167,0,0,,0,0,,0,1,1,2,1,0,3,1,2,northwestern,2024-01-05-20-northwestern
6,Maggie Pina,23,2,6,.333,1,3,.333,1,3,.333,1,1,1.000,0,1,1,2,0,1,2,2,6,northwestern,2024-01-05-20-northwestern
7,Jasmine McWilliams,16,2,3,.667,2,3,.667,0,0,,2,2,1.000,1,1,2,1,0,0,0,1,6,northwestern,2024-01-05-20-northwestern
8,Hailey Weaver,11,0,1,.000,0,0,,0,1,.000,0,0,,1,1,2,2,0,0,3,0,0,northwestern,2024-01-05-20-northwestern
9,Alana Goodchild,10,2,5,.400,0,1,.000,2,4,.500,0,0,,0,1,1,1,0,0,1,3,6,northwestern,2024-01-05-20-northwestern
10,Crystal Wang,6,1,1,1.000,1,1,1.000,0,0,,1,2,.500,1,1,2,1,0,0,2,0,3,northwestern,2024-01-05-20-northwestern
11,Mercy Ademusayo,2,0,0,,0,0,,0,0,,1,2,.500,0,0,0,0,0,0,1,0,1,northwestern,2024-01-05-20-northwestern
0,Mya Petticord,33,2,7,.286,1,4,.250,1,3,.333,5,6,.833,0,1,1,1,0,0,4,4,10,rutgers,2024-01-11-18-ohio-state
1,Destiny Adams,31,6,11,.545,6,11,.545,0,0,,6,6,1.000,4,3,7,1,1,0,6,4,18,rutgers,2024-01-11-18-ohio-state
2,Jillian Huerter,26,1,5,.200,1,3,.333,0,2,.000,3,4,.750,0,0,0,0,1,0,2,3,5,rutgers,2024-01-11-18-ohio-state
3,Chyna Cornwell,26,3,8,.375,3,8,.375,0,0,,0,0,,3,10,13,0,0,0,3,3,6,rutgers,2024-01-11-18-ohio-state
4,Lisa Thompson,23,3,7,.429,2,5,.400,1,2,.500,1,1,1.000,1,2,3,1,0,0,8,3,8,rutgers,2024-01-11-18-ohio-state
6,Antonia Bates,32,0,1,.000,0,0,,0,1,.000,0,0,,0,2,2,0,1,3,2,1,0,rutgers,2024-01-11-18-ohio-state
7,Kassondra Brown,22,2,7,.286,2,7,.286,0,0,,3,4,.750,3,1,4,2,1,1,1,4,7,rutgers,2024-01-11-18-ohio-state
8,Erica Lafayette,6,0,0,,0,0,,0,0,,1,2,.500,0,1,1,0,0,0,0,1,1,rutgers,2024-01-11-18-ohio-state
0,Jacy Sheldon,25,2,9,.222,1,6,.167,1,3,.333,6,6,1.000,1,0,1,2,8,0,1,2,11,ohio-state,2024-01-11-18-ohio-state
1,Celeste Taylor,21,5,8,.625,4,5,.800,1,3,.333,1,2,.500,1,1,2,4,3,0,2,2,12,ohio-state,2024-01-11-18-ohio-state
2,Cotie McMahon,20,2,6,.333,2,5,.400,0,1,.000,7,10,.700,2,2,4,3,0,0,1,3,11,ohio-state,2024-01-11-18-ohio-state
3,Taylor Thierry,16,4,8,.500,3,7,.429,1,1,1.000,0,0,,2,3,5,1,0,0,1,3,9,ohio-state,2024-01-11-18-ohio-state
4,Rebeka Mikulasikova,16,1,3,.333,0,0,,1,3,.333,0,0,,1,3,4,1,0,0,0,0,3,ohio-state,2024-01-11-18-ohio-state
6,Eboni Walker,24,2,3,.667,2,3,.667,0,0,,0,0,,3,1,4,2,0,0,0,2,4,ohio-state,2024-01-11-18-ohio-state
7,Madison Greene,22,4,9,.444,0,3,.000,4,6,.667,4,4,1.000,2,2,4,5,0,0,3,0,16,ohio-state,2024-01-11-18-ohio-state
8,Emma Shumate,21,3,7,.429,1,2,.500,2,5,.400,0,0,,2,1,3,1,0,1,1,4,8,ohio-state,2024-01-11-18-ohio-state
9,Taiyier Parks,16,4,7,.571,4,6,.667,0,1,.000,1,2,.500,2,2,4,0,1,0,0,3,9,ohio-state,2024-01-11-18-ohio-state
10,Diana Collins,15,3,8,.375,2,5,.400,1,3,.333,0,1,.000,2,1,3,1,1,0,0,0,7,ohio-state,2024-01-11-18-ohio-state
11,Kaia Henderson,3,0,1,.000,0,1,.000,0,0,,0,0,,0,0,0,0,0,0,2,1,0,ohio-state,2024-01-11-18-ohio-state
0,Moira Joiner,38,6,19,.316,5,12,.417,1,7,.143,0,0,,0,3,3,5,0,1,0,4,13,michigan-state,2024-01-14-00-ohio-state
1,Jocelyn Tate,32,3,7,.429,3,7,.429,0,0,,2,4,.500,0,4,4,0,1,0,1,4,8,michigan-state,2024-01-14-00-ohio-state
2,DeeDee Hagemann,31,1,11,.091,1,7,.143,0,4,.000,0,0,,1,2,3,5,1,0,1,1,2,michigan-state,2024-01-14-00-ohio-state
3,Abbey Kimball,28,2,7,.286,0,0,,2,7,.286,2,2,1.000,0,0,0,0,1,0,1,4,8,michigan-state,2024-01-14-00-ohio-state
4,Julia Ayrault,24,2,5,.400,1,4,.250,1,1,1.000,3,4,.750,0,9,9,0,0,0,0,4,8,michigan-state,2024-01-14-00-ohio-state
6,Tory Ozment,24,8,10,.800,7,9,.778,1,1,1.000,1,1,1.000,1,8,9,0,3,0,2,1,18,michigan-state,2024-01-14-00-ohio-state
7,Theryn Hallock,21,3,7,.429,3,6,.500,0,1,.000,2,2,1.000,2,0,2,3,0,1,3,1,8,michigan-state,2024-01-14-00-ohio-state
8,Lauren Ross,3,0,0,,0,0,,0,0,,0,0,,0,1,1,0,0,0,0,0,0,michigan-state,2024-01-14-00-ohio-state
0,Jacy Sheldon,40,6,15,.400,5,12,.417,1,3,.333,5,6,.833,1,5,6,2,0,0,3,2,18,ohio-state,2024-01-14-00-ohio-state
1,Cotie McMahon,37,4,9,.444,3,7,.429,1,2,.500,2,8,.250,1,6,7,1,0,1,2,2,11,ohio-state,2024-01-14-00-ohio-state
2,Rebeka Mikulasikova,32,5,11,.455,5,9,.556,0,2,.000,0,0,,0,5,5,2,0,0,1,2,10,ohio-state,2024-01-14-00-ohio-state
3,Celeste Taylor,31,1,6,.167,0,3,.000,1,3,.333,4,4,1.000,0,7,7,4,2,5,4,1,7,ohio-state,2024-01-14-00-ohio-state
4,Taylor Thierry,27,6,7,.857,5,5,1.000,1,2,.500,0,5,.000,3,8,11,1,0,1,2,3,13,ohio-state,2024-01-14-00-ohio-state
6,Madison Greene,19,0,2,.000,0,1,.000,0,1,.000,0,0,,0,1,1,3,3,0,1,2,0,ohio-state,2024-01-14-00-ohio-state
7,Rikki Harris,11,4,4,1.000,3,3,1.000,1,1,1.000,2,3,.667,1,1,2,0,0,0,0,1,11,ohio-state,2024-01-14-00-ohio-state
8,Eboni Walker,1,0,1,.000,0,1,.000,0,0,,0,0,,0,1,1,1,0,0,0,2,0,ohio-state,2024-01-14-00-ohio-state
9,Taiyier Parks,1,0,0,,0,0,,0,0,,0,0,,0,0,0,0,0,0,0,0,0,ohio-state,2024-01-14-00-ohio-state
0,Jacy Sheldon,38,3,10,.300,3,4,.750,0,6,.000,4,4,1.000,1,0,1,5,1,0,4,3,10,ohio-state,2024-01-17-19-maryland
1,Cotie McMahon,34,5,12,.417,5,10,.500,0,2,.000,4,7,.571,6,3,9,3,1,1,4,3,14,ohio-state,2024-01-17-19-maryland
2,Taylor Thierry,31,6,7,.857,6,6,1.000,0,1,.000,5,6,.833,6,3,9,2,0,1,1,2,17,ohio-state,2024-01-17-19-maryland
3,Celeste Taylor,30,4,11,.364,3,6,.500,1,5,.200,2,4,.500,1,7,8,2,2,1,3,4,11,ohio-state,2024-01-17-19-maryland
4,Rebeka Mikulasikova,29,7,13,.538,4,7,.571,3,6,.500,3,4,.750,0,3,3,3,0,1,2,1,20,ohio-state,2024-01-17-19-maryland
6,Rikki Harris,14,0,5,.000,0,1,.000,0,4,.000,2,4,.500,0,3,3,1,1,0,1,1,2,ohio-state,2024-01-17-19-maryland
7,Madison Greene,9,1,2,.500,1,1,1.000,0,1,.000,0,0,,0,1,1,1,0,0,1,2,2,ohio-state,2024-01-17-19-maryland
8,Taiyier Parks,8,2,2,1.000,2,2,1.000,0,0,,0,1,.000,1,2,3,0,0,0,0,1,4,ohio-state,2024-01-17-19-maryland
9,Eboni Walker,5,1,1,1.000,1,1,1.000,0,0,,0,0,,0,0,0,0,0,0,0,0,2,ohio-state,2024-01-17-19-maryland
10,Emma Shumate,4,1,2,.500,1,1,1.000,0,1,.000,0,0,,1,0,1,0,0,1,0,1,2,ohio-state,2024-01-17-19-maryland
0,Bri McDaniel,37,7,14,.500,7,13,.538,0,1,.000,2,3,.667,3,1,4,6,3,0,0,2,16,maryland,2024-01-17-19-maryland
1,Jakia Brown-Turner,35,8,18,.444,8,16,.500,0,2,.000,0,0,,3,5,8,0,2,0,3,5,16,maryland,2024-01-17-19-maryland
2,Brinae Alexander,30,3,9,.333,1,3,.333,2,6,.333,0,0,,0,0,0,0,1,0,1,3,8,maryland,2024-01-17-19-maryland
3,Shyanne Sellers,27,1,8,.125,1,6,.167,0,2,.000,10,10,1.000,5,4,9,7,0,0,4,4,12,maryland,2024-01-17-19-maryland
4,Allie Kubek,6,0,0,,0,0,,0,0,,0,0,,0,1,1,0,0,0,0,3,0,maryland,2024-01-17-19-maryland
6,Lavender Briggs,35,6,12,.500,4,8,.500,2,4,.500,2,2,1.000,1,5,6,0,2,0,1,1,16,maryland,2024-01-17-19-maryland
7,Faith Masonius,20,3,6,.500,3,6,.500,0,0,,0,0,,2,5,7,2,0,0,5,2,6,maryland,2024-01-17-19-maryland
8,Emily Fisher,10,0,0,,0,0,,0,0,,2,4,.500,1,1,2,0,1,0,0,3,2,maryland,2024-01-17-19-maryland
0,Caitlin Clark,43,12,25,.480,5,7,.714,7,18,.389,14,16,.875,0,3,3,7,2,1,7,4,45,iowa,2024-01-21-12-ohio-state
1,Gabbie Marshall,41,1,3,.333,1,1,1.000,0,2,.000,1,1,1.000,0,2,2,2,0,0,0,3,3,iowa,2024-01-21-12-ohio-state
2,Molly Davis,40,6,7,.857,5,5,1.000,1,2,.500,1,1,1.000,0,1,1,8,1,0,1,1,14,iowa,2024-01-21-12-ohio-state
3,Kate Martin,32,3,9,.333,1,4,.250,2,5,.400,0,0,,1,6,7,1,1,0,5,4,8,iowa,2024-01-21-12-ohio-state
4,Hannah Stuelke,22,4,12,.333,4,12,.333,0,0,,2,5,.400,4,3,7,2,1,0,0,5,10,iowa,2024-01-21-12-ohio-state
6,Sydney Affolter,20,1,3,.333,1,3,.333,0,0,,3,3,1.000,2,3,5,0,0,0,0,2,5,iowa,2024-01-21-12-ohio-state
7,Addison O'Grady,18,3,5,.600,3,5,.600,0,0,,1,1,1.000,0,4,4,1,0,2,0,1,7,iowa,2024-01-21-12-ohio-state
8,Kylie Feuerbach,6,0,1,.000,0,0,,0,1,.000,0,0,,0,0,0,0,0,0,0,1,0,iowa,2024-01-21-12-ohio-state
9,AJ Ediger,2,0,0,,0,0,,0,0,,0,0,,0,3,3,0,0,0,1,0,0,iowa,2024-01-21-12-ohio-state
10,Sharon Goodman,2,0,0,,0,0,,0,0,,0,0,,0,0,0,1,0,0,1,2,0,iowa,2024-01-21-12-ohio-state
0,Jacy Sheldon,45,9,16,.563,7,10,.700,2,6,.333,4,4,1.000,2,5,7,3,0,0,3,3,24,ohio-state,2024-01-21-12-ohio-state
1,Cotie McMahon,41,12,23,.522,12,21,.571,0,2,.000,9,14,.643,3,9,12,2,1,2,3,4,33,ohio-state,2024-01-21-12-ohio-state
2,Rebeka Mikulasikova,38,4,10,.400,2,7,.286,2,3,.667,0,0,,0,4,4,5,1,2,3,2,10,ohio-state,2024-01-21-12-ohio-state
3,Taylor Thierry,29,2,5,.400,1,4,.250,1,1,1.000,6,6,1.000,3,4,7,1,2,0,3,5,11,ohio-state,2024-01-21-12-ohio-state
4,Celeste Taylor,25,4,7,.571,2,5,.400,2,2,1.000,0,0,,3,0,3,4,2,0,0,4,10,ohio-state,2024-01-21-12-ohio-state
6,Rikki Harris,21,2,3,.667,0,0,,2,3,.667,0,0,,0,1,1,1,0,0,0,1,6,ohio-state,2024-01-21-12-ohio-state
7,Madison Greene,15,0,6,.000,0,3,.000,0,3,.000,0,0,,0,1,1,2,0,0,0,3,0,ohio-state,2024-01-21-12-ohio-state
8,Emma Shumate,5,2,2,1.000,0,0,,2,2,1.000,0,0,,0,0,0,0,0,0,0,1,6,ohio-state,2024-01-21-12-ohio-state
9,Taiyier Parks,5,0,0,,0,0,,0,0,,0,0,,0,2,2,0,0,1,1,1,0,ohio-state,2024-01-21-12-ohio-state
0,Jacy Sheldon,40,9,19,.474,7,11,.636,2,8,.250,5,6,.833,2,4,6,3,3,0,1,1,25,ohio-state,2024-01-25-19-illinois
1,Cotie McMahon,37,6,14,.429,4,9,.444,2,5,.400,3,5,.600,4,7,11,0,1,2,2,2,17,ohio-state,2024-01-25-19-illinois
2,Celeste Taylor,32,5,12,.417,3,7,.429,2,5,.400,2,2,1.000,1,4,5,2,1,2,3,3,14,ohio-state,2024-01-25-19-illinois
3,Taylor Thierry,30,1,2,.500,1,2,.500,0,0,,3,4,.750,3,3,6,1,1,0,0,1,5,ohio-state,2024-01-25-19-illinois
4,Rebeka Mikulasikova,20,1,5,.200,1,2,.500,0,3,.000,0,0,,0,0,0,6,2,0,4,4,2,ohio-state,2024-01-25-19-illinois
6,Rikki Harris,18,0,1,.000,0,0,,0,1,.000,0,0,,0,1,1,0,0,2,1,1,0,ohio-state,2024-01-25-19-illinois
7,Taiyier Parks,10,2,3,.667,2,3,.667,0,0,,0,1,.000,1,2,3,0,0,0,2,1,4,ohio-state,2024-01-25-19-illinois
8,Madison Greene,8,0,2,.000,0,1,.000,0,1,.000,0,0,,0,1,1,0,2,0,1,1,0,ohio-state,2024-01-25-19-illinois
9,Emma Shumate,3,0,0,,0,0,,0,0,,0,0,,0,0,0,0,0,0,0,0,0,ohio-state,2024-01-25-19-illinois
10,Eboni Walker,2,0,1,.000,0,1,.000,0,0,,0,0,,0,0,0,0,0,0,0,0,0,ohio-state,2024-01-25-19-illinois
0,Kendall Bostic,40,6,8,.750,6,8,.750,0,0,,1,2,.500,5,13,18,2,2,1,2,3,13,illinois,2024-01-25-19-illinois
1,Genesis Bryant,39,5,18,.278,3,11,.273,2,7,.286,2,4,.500,1,1,2,1,2,1,3,3,14,illinois,2024-01-25-19-illinois
2,Makira Cook,37,7,19,.368,5,14,.357,2,5,.400,0,0,,2,5,7,5,0,0,5,1,16,illinois,2024-01-25-19-illinois
3,Camille Hobby,28,2,6,.333,2,5,.400,0,1,.000,0,0,,3,3,6,0,0,1,2,2,4,illinois,2024-01-25-19-illinois
4,Adalia McKenzie,25,2,5,.400,2,5,.400,0,0,,3,4,.750,0,1,1,2,0,0,5,5,7,illinois,2024-01-25-19-illinois
6,Gretchen Dolan,25,2,4,.500,2,4,.500,0,0,,1,2,.500,0,2,2,1,0,1,3,2,5,illinois,2024-01-25-19-illinois
7,Brynn Shoup-Hill,7,0,1,.000,0,0,,0,1,.000,0,0,,0,1,1,0,0,0,0,0,0,illinois,2024-01-25-19-illinois
0,Jacy Sheldon,40,3,6,.500,2,4,.500,1,2,.500,2,2,1.000,0,1,1,3,3,0,1,0,9,ohio-state,2024-01-28-00-purdue
1,Cotie McMahon,29,3,8,.375,3,7,.429,0,1,.000,4,5,.800,4,8,12,8,0,0,3,3,10,ohio-state,2024-01-28-00-purdue
2,Rebeka Mikulasikova,29,6,10,.600,6,8,.750,0,2,.000,3,3,1.000,0,1,1,2,1,0,3,5,15,ohio-state,2024-01-28-00-purdue
3,Celeste Taylor,28,2,7,.286,0,2,.000,2,5,.400,0,2,.000,0,3,3,4,0,1,3,4,6,ohio-state,2024-01-28-00-purdue
4,Taylor Thierry,24,5,8,.625,5,8,.625,0,0,,4,4,1.000,0,0,0,0,1,1,2,2,14,ohio-state,2024-01-28-00-purdue
6,Rikki Harris,23,2,7,.286,0,0,,2,7,.286,2,2,1.000,0,3,3,1,1,1,0,3,8,ohio-state,2024-01-28-00-purdue
7,Madison Greene,13,1,4,.250,0,1,.000,1,3,.333,0,0,,0,1,1,3,0,0,0,1,3,ohio-state,2024-01-28-00-purdue
8,Emma Shumate,7,2,2,1.000,1,1,1.000,1,1,1.000,0,0,,0,0,0,0,0,1,0,0,5,ohio-state,2024-01-28-00-purdue
9,Taiyier Parks,7,0,1,.000,0,1,.000,0,0,,1,2,.500,0,1,1,1,0,0,0,0,1,ohio-state,2024-01-28-00-purdue
0,Jeanae Terry,40,3,6,.500,3,5,.600,0,1,.000,2,4,.500,3,5,8,5,1,0,6,1,8,purdue,2024-01-28-00-purdue
1,Madison Layden,34,0,4,.000,0,1,.000,0,3,.000,2,2,1.000,0,3,3,2,0,0,1,2,2,purdue,2024-01-28-00-purdue
2,Abbey Ellis,32,5,10,.500,1,4,.250,4,6,.667,0,2,.000,1,4,5,1,0,0,2,4,14,purdue,2024-01-28-00-purdue
3,Caitlyn Harper,24,2,7,.286,2,3,.667,0,4,.000,4,4,1.000,0,4,4,2,1,0,2,3,8,purdue,2024-01-28-00-purdue
4,Mary Ashley Stevenson,17,4,8,.500,4,8,.500,0,0,,4,4,1.000,5,2,7,1,0,0,2,4,12,purdue,2024-01-28-00-purdue
6,Rashunda Jones,24,5,11,.455,5,10,.500,0,1,.000,3,3,1.000,0,3,3,2,2,0,1,2,13,purdue,2024-01-28-00-purdue
7,Mila Reynolds,14,2,3,.667,1,1,1.000,1,2,.500,0,0,,1,0,1,0,0,2,1,1,5,purdue,2024-01-28-00-purdue
8,McKenna Layden,11,1,2,.500,0,0,,1,2,.500,0,0,,0,0,0,1,0,0,0,0,3,purdue,2024-01-28-00-purdue
9,Jayla Smith,3,0,1,.000,0,1,.000,0,0,,0,0,,0,0,0,0,0,0,0,0,0,purdue,2024-01-28-00-purdue
10,Sophie Swanson,2,1,2,.500,0,0,,1,2,.500,0,0,,0,0,0,0,0,0,1,0,3,purdue,2024-01-28-00-purdue
0,Ronnie Porter,31,2,3,.667,1,2,.500,1,1,1.000,1,2,.500,3,3,6,3,0,0,7,2,6,wisconsin,2024-02-01-18-ohio-state
1,Serah Williams,29,6,13,.462,6,13,.462,0,0,,4,5,.800,4,7,11,1,1,2,5,1,16,wisconsin,2024-02-01-18-ohio-state
2,Sania Copeland,29,2,8,.250,2,5,.400,0,3,.000,2,2,1.000,0,0,0,1,2,0,1,2,6,wisconsin,2024-02-01-18-ohio-state
3,Brooke Schramek,28,2,7,.286,1,5,.200,1,2,.500,0,0,,1,1,2,2,0,1,4,1,5,wisconsin,2024-02-01-18-ohio-state
4,Natalie Leuzinger,17,1,4,.250,1,3,.333,0,1,.000,0,0,,0,0,0,0,0,0,2,1,2,wisconsin,2024-02-01-18-ohio-state
6,Tessa Grady,19,1,6,.167,0,0,,1,6,.167,0,0,,0,1,1,0,1,0,0,2,3,wisconsin,2024-02-01-18-ohio-state
7,Halle Douglass,16,1,3,.333,0,0,,1,3,.333,0,0,,2,2,4,3,0,0,4,2,3,wisconsin,2024-02-01-18-ohio-state
8,D'Yanis Jimenez,16,0,4,.000,0,3,.000,0,1,.000,2,2,1.000,0,2,2,0,0,0,3,1,2,wisconsin,2024-02-01-18-ohio-state
9,Ana Guillen,5,2,3,.667,2,3,.667,0,0,,0,0,,3,1,4,0,0,0,0,1,4,wisconsin,2024-02-01-18-ohio-state
10,Lily Krahn,5,0,0,,0,0,,0,0,,2,2,1.000,0,0,0,0,0,0,0,0,2,wisconsin,2024-02-01-18-ohio-state
11,Leena Patibandla,5,0,1,.000,0,0,,0,1,.000,0,0,,0,1,1,0,0,0,0,0,0,wisconsin,2024-02-01-18-ohio-state
0,Cotie McMahon,30,5,13,.385,4,10,.400,1,3,.333,4,5,.800,3,7,10,4,1,1,4,3,15,ohio-state,2024-02-01-18-ohio-state
1,Jacy Sheldon,27,6,12,.500,5,8,.625,1,4,.250,4,5,.800,1,2,3,5,3,0,2,1,17,ohio-state,2024-02-01-18-ohio-state
2,Rebeka Mikulasikova,20,4,7,.571,4,6,.667,0,1,.000,0,0,,0,3,3,2,0,0,0,1,8,ohio-state,2024-02-01-18-ohio-state
3,Celeste Taylor,19,4,7,.571,3,4,.750,1,3,.333,1,1,1.000,0,1,1,2,2,1,0,2,10,ohio-state,2024-02-01-18-ohio-state
4,Taylor Thierry,17,2,5,.400,2,5,.400,0,0,,1,1,1.000,2,1,3,2,1,0,0,0,5,ohio-state,2024-02-01-18-ohio-state
6,Eboni Walker,18,4,5,.800,4,5,.800,0,0,,3,4,.750,3,4,7,1,1,0,1,1,11,ohio-state,2024-02-01-18-ohio-state
7,Madison Greene,17,3,4,.750,2,2,1.000,1,2,.500,0,0,,0,0,0,2,1,0,1,1,7,ohio-state,2024-02-01-18-ohio-state
8,Emma Shumate,17,2,5,.400,0,2,.000,2,3,.667,0,0,,1,0,1,0,1,0,0,1,6,ohio-state,2024-02-01-18-ohio-state
9,Rikki Harris,17,1,2,.500,0,1,.000,1,1,1.000,0,0,,0,0,0,4,1,0,0,1,3,ohio-state,2024-02-01-18-ohio-state
10,Diana Collins,12,1,4,.250,0,1,.000,1,3,.333,0,0,,0,1,1,1,1,0,0,1,3,ohio-state,2024-02-01-18-ohio-state
11,Kaia Henderson,2,1,2,.500,1,1,1.000,0,1,.000,0,0,,0,0,0,0,0,0,0,1,2,ohio-state,2024-02-01-18-ohio-state
12,Faith Carson,2,0,0,,0,0,,0,0,,0,0,,0,0,0,1,0,0,0,0,0,ohio-state,2024-02-01-18-ohio-state
13,Taiyier Parks,2,0,0,,0,0,,0,0,,0,0,,0,0,0,0,1,0,0,1,0,ohio-state,2024-02-01-18-ohio-state
0,Chloe Moore-McNeil,38,4,7,.571,4,6,.667,0,1,.000,2,3,.667,1,2,3,5,1,1,5,4,10,indiana,2024-02-04-12-ohio-state
1,Sara Scalia,38,8,17,.471,5,9,.556,3,8,.375,6,7,.857,1,3,4,1,1,0,3,3,25,indiana,2024-02-04-12-ohio-state
2,Yarden Garzon,37,5,10,.500,2,6,.333,3,4,.750,1,1,1.000,1,8,9,0,1,0,6,3,14,indiana,2024-02-04-12-ohio-state
3,MacKenzie Holmes,33,6,12,.500,6,11,.545,0,1,.000,2,4,.500,1,8,9,4,0,1,5,4,14,indiana,2024-02-04-12-ohio-state
4,Lexus Bargesser,31,2,6,.333,2,5,.400,0,1,.000,2,3,.667,0,4,4,1,2,0,2,3,6,indiana,2024-02-04-12-ohio-state
6,Len√©e Beaumont,13,0,1,.000,0,0,,0,1,.000,0,0,,0,0,0,1,1,0,1,0,0,indiana,2024-02-04-12-ohio-state
7,Lilly Meister,7,0,0,,0,0,,0,0,,0,0,,0,2,2,0,0,0,0,2,0,indiana,2024-02-04-12-ohio-state
8,Julianna LaMendola,3,0,1,.000,0,1,.000,0,0,,0,0,,1,1,2,1,0,0,0,0,0,indiana,2024-02-04-12-ohio-state
0,Jacy Sheldon,38,8,20,.400,5,12,.417,3,8,.375,6,8,.750,1,1,2,4,3,0,2,2,25,ohio-state,2024-02-04-12-ohio-state
1,Rebeka Mikulasikova,36,4,11,.364,1,5,.200,3,6,.500,0,0,,0,5,5,4,0,0,2,3,11,ohio-state,2024-02-04-12-ohio-state
2,Taylor Thierry,31,3,5,.600,1,3,.333,2,2,1.000,3,4,.750,1,4,5,0,2,1,1,3,11,ohio-state,2024-02-04-12-ohio-state
3,Cotie McMahon,30,9,13,.692,9,11,.818,0,2,.000,2,4,.500,1,6,7,5,2,0,5,5,20,ohio-state,2024-02-04-12-ohio-state
4,Celeste Taylor,30,2,9,.222,1,6,.167,1,3,.333,0,0,,0,4,4,0,3,1,1,4,5,ohio-state,2024-02-04-12-ohio-state
6,Rikki Harris,22,1,1,1.000,1,1,1.000,0,0,,0,0,,0,3,3,2,0,0,0,0,2,ohio-state,2024-02-04-12-ohio-state
7,Madison Greene,6,0,0,,0,0,,0,0,,0,0,,0,1,1,0,0,1,2,1,0,ohio-state,2024-02-04-12-ohio-state
8,Eboni Walker,4,0,1,.000,0,1,.000,0,0,,0,0,,0,0,0,1,0,0,0,1,0,ohio-state,2024-02-04-12-ohio-state
9,Emma Shumate,3,0,0,,0,0,,0,0,,0,0,,0,1,1,0,0,1,0,0,0,ohio-state,2024-02-04-12-ohio-state
0,Jacy Sheldon,30,4,13,.308,2,5,.400,2,8,.250,2,2,1.000,2,1,3,6,2,0,1,1,12,ohio-state,2024-02-08-21-minnesota
1,Celeste Taylor,29,7,16,.438,7,11,.636,0,5,.000,0,2,.000,0,5,5,2,1,2,6,2,14,ohio-state,2024-02-08-21-minnesota
2,Cotie McMahon,29,5,8,.625,5,8,.625,0,0,,3,3,1.000,2,7,9,1,2,0,0,2,13,ohio-state,2024-02-08-21-minnesota
3,Taylor Thierry,23,1,3,.333,1,3,.333,0,0,,1,2,.500,2,1,3,3,3,0,0,2,3,ohio-state,2024-02-08-21-minnesota
4,Rebeka Mikulasikova,20,4,9,.444,1,1,1.000,3,8,.375,0,0,,0,0,0,3,0,0,1,1,11,ohio-state,2024-02-08-21-minnesota
6,Eboni Walker,18,2,5,.400,2,5,.400,0,0,,0,0,,2,3,5,4,0,0,1,4,4,ohio-state,2024-02-08-21-minnesota
7,Rikki Harris,16,1,1,1.000,0,0,,1,1,1.000,0,0,,0,2,2,0,2,0,1,2,3,ohio-state,2024-02-08-21-minnesota
8,Emma Shumate,15,3,5,.600,1,1,1.000,2,4,.500,0,0,,0,0,0,1,0,0,0,1,8,ohio-state,2024-02-08-21-minnesota
9,Madison Greene,13,1,1,1.000,0,0,,1,1,1.000,0,0,,0,0,0,2,2,0,1,0,3,ohio-state,2024-02-08-21-minnesota
10,Diana Collins,3,0,0,,0,0,,0,0,,0,0,,0,0,0,0,0,0,0,2,0,ohio-state,2024-02-08-21-minnesota
11,Faith Carson,1,0,0,,0,0,,0,0,,0,0,,0,0,0,1,0,0,1,1,0,ohio-state,2024-02-08-21-minnesota
12,Kaia Henderson,1,0,0,,0,0,,0,0,,0,0,,0,0,0,0,0,0,0,0,0,ohio-state,2024-02-08-21-minnesota
0,Mallory Heyer,38,2,9,.222,1,5,.200,1,4,.250,0,0,,3,4,7,1,0,0,2,0,5,minnesota,2024-02-08-21-minnesota
1,Grace Grocholski,35,3,10,.300,1,3,.333,2,7,.286,0,0,,0,4,4,1,0,0,1,2,8,minnesota,2024-02-08-21-minnesota
2,Amaya Battle,33,2,6,.333,1,3,.333,1,3,.333,2,2,1.000,0,7,7,6,2,0,8,2,7,minnesota,2024-02-08-21-minnesota
3,Janay Sanders,28,5,9,.556,5,7,.714,0,2,.000,6,8,.750,0,3,3,0,0,0,6,4,16,minnesota,2024-02-08-21-minnesota
4,Sophie Hart,23,2,6,.333,2,6,.333,0,0,,3,6,.500,3,3,6,0,1,1,4,2,7,minnesota,2024-02-08-21-minnesota
6,Maggie Czinano,18,1,1,1.000,1,1,1.000,0,0,,0,1,.000,0,1,1,0,1,0,1,2,2,minnesota,2024-02-08-21-minnesota
7,Niamya Holloway,17,1,4,.250,1,4,.250,0,0,,0,0,,0,0,0,1,0,0,1,3,2,minnesota,2024-02-08-21-minnesota
8,Ayianna Johnson,7,0,0,,0,0,,0,0,,0,0,,0,2,2,0,0,0,0,1,0,minnesota,2024-02-08-21-minnesota
9,Brynn Senden,1,0,0,,0,0,,0,0,,0,0,,0,0,0,0,0,0,0,0,0,minnesota,2024-02-08-21-minnesota
0,Celeste Taylor,36,8,13,.615,6,10,.600,2,3,.667,2,2,1.000,1,4,5,3,2,0,3,3,20,ohio-state,2024-02-11-16-michigan-state
1,Rebeka Mikulasikova,34,9,14,.643,8,12,.667,1,2,.500,0,0,,1,1,2,5,0,1,2,3,19,ohio-state,2024-02-11-16-michigan-state
2,Jacy Sheldon,25,8,13,.615,6,11,.545,2,2,1.000,0,0,,1,3,4,5,1,0,2,3,18,ohio-state,2024-02-11-16-michigan-state
3,Taylor Thierry,20,4,5,.800,3,4,.750,1,1,1.000,3,3,1.000,0,3,3,2,2,1,2,4,12,ohio-state,2024-02-11-16-michigan-state
4,Cotie McMahon,19,2,5,.400,2,5,.400,0,0,,2,2,1.000,0,7,7,5,0,0,2,3,6,ohio-state,2024-02-11-16-michigan-state
6,Rikki Harris,19,1,3,.333,0,0,,1,3,.333,3,4,.750,0,5,5,2,1,0,0,1,6,ohio-state,2024-02-11-16-michigan-state
7,Madison Greene,17,0,0,,0,0,,0,0,,0,0,,0,0,0,4,2,0,1,2,0,ohio-state,2024-02-11-16-michigan-state
8,Emma Shumate,14,1,3,.333,0,1,.000,1,2,.500,0,0,,0,0,0,2,0,0,0,1,3,ohio-state,2024-02-11-16-michigan-state
9,Eboni Walker,8,1,1,1.000,1,1,1.000,0,0,,0,0,,1,2,3,0,0,0,1,1,2,ohio-state,2024-02-11-16-michigan-state
10,Diana Collins,4,0,2,.000,0,1,.000,0,1,.000,0,0,,0,0,0,0,0,0,1,1,0,ohio-state,2024-02-11-16-michigan-state
11,Taiyier Parks,4,0,0,,0,0,,0,0,,0,0,,0,1,1,0,0,0,1,1,0,ohio-state,2024-02-11-16-michigan-state
0,Jocelyn Tate,32,3,7,.429,3,6,.500,0,1,.000,2,5,.400,2,0,2,1,2,1,3,3,8,michigan-state,2024-02-11-16-michigan-state
1,Moira Joiner,29,3,9,.333,1,4,.250,2,5,.400,1,2,.500,2,4,6,0,1,0,2,2,9,michigan-state,2024-02-11-16-michigan-state
2,DeeDee Hagemann,29,2,4,.500,1,3,.333,1,1,1.000,5,6,.833,0,1,1,4,0,1,2,2,10,michigan-state,2024-02-11-16-michigan-state
3,Julia Ayrault,24,4,11,.364,4,8,.500,0,3,.000,2,2,1.000,1,6,7,3,0,1,3,3,10,michigan-state,2024-02-11-16-michigan-state
4,Abbey Kimball,23,2,3,.667,0,0,,2,3,.667,0,0,,0,1,1,2,0,0,1,1,6,michigan-state,2024-02-11-16-michigan-state
6,Tory Ozment,28,2,6,.333,1,4,.250,1,2,.500,3,4,.750,0,3,3,3,0,0,1,0,8,michigan-state,2024-02-11-16-michigan-state
7,Theryn Hallock,24,7,11,.636,7,10,.700,0,1,.000,4,4,1.000,1,1,2,1,2,0,4,1,18,michigan-state,2024-02-11-16-michigan-state
8,Lauren Ross,8,0,1,.000,0,0,,0,1,.000,2,2,1.000,0,0,0,1,0,0,0,0,2,michigan-state,2024-02-11-16-michigan-state
9,Bree Robinson,3,0,1,.000,0,1,.000,0,0,,0,0,,0,1,1,1,0,0,0,0,0,michigan-state,2024-02-11-16-michigan-state
0,Alexis Markowski,32,4,8,.500,3,7,.429,1,1,1.000,0,0,,1,15,16,1,1,2,3,1,9,nebraska,2024-02-14-19-ohio-state
1,Jaz Shelley,31,2,9,.222,0,3,.000,2,6,.333,0,0,,0,5,5,2,2,0,7,2,6,nebraska,2024-02-14-19-ohio-state
2,Kendall Moriarty,18,2,6,.333,2,5,.400,0,1,.000,1,1,1.000,0,1,1,2,0,0,0,0,5,nebraska,2024-02-14-19-ohio-state
3,Natalie Potts,16,2,8,.250,2,7,.286,0,1,.000,2,2,1.000,1,1,2,0,0,1,4,3,6,nebraska,2024-02-14-19-ohio-state
4,Darian White,13,0,1,.000,0,1,.000,0,0,,0,0,,0,2,2,1,0,0,2,4,0,nebraska,2024-02-14-19-ohio-state
6,Callin Hake,23,3,5,.600,2,2,1.000,1,3,.333,0,0,,2,0,2,2,0,0,2,0,7,nebraska,2024-02-14-19-ohio-state
7,Logan Nissley,22,2,5,.400,0,0,,2,5,.400,0,0,,0,2,2,1,1,0,1,1,6,nebraska,2024-02-14-19-ohio-state
8,Jessica Petrie,16,1,2,.500,0,1,.000,1,1,1.000,0,0,,0,2,2,0,0,0,5,0,3,nebraska,2024-02-14-19-ohio-state
9,Maddie Krull,13,1,2,.500,0,0,,1,2,.500,0,0,,0,1,1,0,0,0,0,0,3,nebraska,2024-02-14-19-ohio-state
10,Kendall Coley,9,0,1,.000,0,0,,0,1,.000,0,0,,0,1,1,1,0,1,0,1,0,nebraska,2024-02-14-19-ohio-state
11,Annika Stewart,8,1,3,.333,1,1,1.000,0,2,.000,0,0,,0,1,1,1,0,0,3,1,2,nebraska,2024-02-14-19-ohio-state
0,Cotie McMahon,30,9,17,.529,9,16,.563,0,1,.000,2,5,.400,1,9,10,3,4,0,2,1,20,ohio-state,2024-02-14-19-ohio-state
1,Jacy Sheldon,29,9,15,.600,4,7,.571,5,8,.625,0,0,,2,4,6,6,0,0,3,2,23,ohio-state,2024-02-14-19-ohio-state
2,Rebeka Mikulasikova,22,2,8,.250,2,7,.286,0,1,.000,0,0,,0,2,2,2,0,0,1,0,4,ohio-state,2024-02-14-19-ohio-state
3,Celeste Taylor,21,2,4,.500,1,1,1.000,1,3,.333,0,0,,0,3,3,4,2,0,1,1,5,ohio-state,2024-02-14-19-ohio-state
4,Taylor Thierry,20,1,3,.333,1,2,.500,0,1,.000,0,0,,0,1,1,1,3,2,2,2,2,ohio-state,2024-02-14-19-ohio-state
6,Madison Greene,20,2,5,.400,2,3,.667,0,2,.000,3,4,.750,1,0,1,1,2,0,0,1,7,ohio-state,2024-02-14-19-ohio-state
7,Rikki Harris,17,3,4,.750,0,0,,3,4,.750,2,2,1.000,0,3,3,1,1,0,0,0,11,ohio-state,2024-02-14-19-ohio-state
8,Taiyier Parks,14,3,6,.500,3,6,.500,0,0,,0,2,.000,2,1,3,0,2,0,2,1,6,ohio-state,2024-02-14-19-ohio-state
9,Emma Shumate,10,0,1,.000,0,0,,0,1,.000,0,0,,0,1,1,0,0,0,0,1,0,ohio-state,2024-02-14-19-ohio-state
10,Eboni Walker,8,0,0,,0,0,,0,0,,0,0,,0,0,0,1,1,0,1,1,0,ohio-state,2024-02-14-19-ohio-state
11,Diana Collins,5,0,0,,0,0,,0,0,,0,0,,0,0,0,0,0,0,0,0,0,ohio-state,2024-02-14-19-ohio-state
12,Faith Carson,2,1,2,.500,1,2,.500,0,0,,0,0,,0,0,0,0,0,0,0,0,2,ohio-state,2024-02-14-19-ohio-state
13,Kaia Henderson,2,0,1,.000,0,1,.000,0,0,,0,0,,0,0,0,0,0,0,0,0,0,ohio-state,2024-02-14-19-ohio-state
0,Jacy Sheldon,36,9,15,.600,7,9,.778,2,6,.333,0,0,,0,2,2,6,1,0,2,1,20,ohio-state,2024-02-22-18-penn-state
1,Cotie McMahon,33,7,14,.500,5,10,.500,2,4,.500,0,0,,0,5,5,2,2,1,4,4,16,ohio-state,2024-02-22-18-penn-state
2,Celeste Taylor,29,6,12,.500,2,5,.400,4,7,.571,0,0,,0,2,2,7,7,1,2,4,16,ohio-state,2024-02-22-18-penn-state
3,Taylor Thierry,28,6,10,.600,6,9,.667,0,1,.000,2,3,.667,3,2,5,1,0,1,0,0,14,ohio-state,2024-02-22-18-penn-state
4,Rebeka Mikulasikova,28,3,7,.429,1,3,.333,2,4,.500,0,0,,1,5,6,3,0,1,2,1,8,ohio-state,2024-02-22-18-penn-state
6,Rikki Harris,14,0,1,.000,0,1,.000,0,0,,1,2,.500,0,0,0,2,1,0,2,3,1,ohio-state,2024-02-22-18-penn-state
7,Madison Greene,13,1,4,.250,0,2,.000,1,2,.500,0,0,,0,2,2,0,1,0,0,1,3,ohio-state,2024-02-22-18-penn-state
8,Eboni Walker,10,0,1,.000,0,1,.000,0,0,,0,0,,2,0,2,0,1,0,1,0,0,ohio-state,2024-02-22-18-penn-state
9,Emma Shumate,4,1,3,.333,1,2,.500,0,1,.000,2,2,1.000,2,0,2,0,0,0,1,0,4,ohio-state,2024-02-22-18-penn-state
10,Diana Collins,3,0,2,.000,0,1,.000,0,1,.000,0,0,,0,0,0,0,0,0,1,0,0,ohio-state,2024-02-22-18-penn-state
11,Taiyier Parks,2,0,1,.000,0,0,,0,1,.000,0,0,,1,0,1,0,1,0,1,0,0,ohio-state,2024-02-22-18-penn-state
0,Leilani Kapinus,27,4,10,.400,3,9,.333,1,1,1.000,1,1,1.000,2,8,10,1,3,2,6,2,10,penn-state,2024-02-22-18-penn-state
1,Ashley Owusu,24,8,12,.667,7,9,.778,1,3,.333,5,6,.833,2,3,5,2,1,0,3,1,22,penn-state,2024-02-22-18-penn-state
2,Ali Brigham,18,5,6,.833,5,6,.833,0,0,,0,0,,1,0,1,2,1,0,0,1,10,penn-state,2024-02-22-18-penn-state
3,Shay Ciezki,13,1,5,.200,0,1,.000,1,4,.250,0,0,,0,0,0,0,0,0,4,1,3,penn-state,2024-02-22-18-penn-state
4,Makenna Marisa,12,0,3,.000,0,1,.000,0,2,.000,5,6,.833,1,0,1,1,0,0,4,0,5,penn-state,2024-02-22-18-penn-state
6,Moriah Murray,24,1,5,.200,0,1,.000,1,4,.250,0,0,,1,2,3,3,1,0,2,0,3,penn-state,2024-02-22-18-penn-state
7,Jayla Oden,21,2,6,.333,2,4,.500,0,2,.000,0,2,.000,0,3,3,1,1,0,1,1,4,penn-state,2024-02-22-18-penn-state
8,Chanaya Pinto,18,1,2,.500,1,2,.500,0,0,,0,0,,0,2,2,0,1,0,1,1,2,penn-state,2024-02-22-18-penn-state
9,Alli Campbell,18,2,3,.667,2,2,1.000,0,1,.000,0,0,,1,3,4,1,0,0,0,0,4,penn-state,2024-02-22-18-penn-state
10,Grace Hall,15,1,1,1.000,1,1,1.000,0,0,,0,0,,0,2,2,0,1,3,0,2,2,penn-state,2024-02-22-18-penn-state
11,Kylie Lavelle,11,2,2,1.000,2,2,1.000,0,0,,0,0,,0,0,0,1,1,1,2,0,4,penn-state,2024-02-22-18-penn-state
0,Bri McDaniel,40,8,17,.471,7,14,.500,1,3,.333,4,5,.800,0,4,4,2,3,0,5,3,21,maryland,2024-02-25-14-ohio-state
1,Jakia Brown-Turner,38,4,11,.364,4,11,.364,0,0,,2,2,1.000,3,3,6,4,0,0,2,4,10,maryland,2024-02-25-14-ohio-state
2,Faith Masonius,32,3,5,.600,3,5,.600,0,0,,2,2,1.000,2,2,4,1,0,0,0,1,8,maryland,2024-02-25-14-ohio-state
3,Shyanne Sellers,28,2,10,.200,2,9,.222,0,1,.000,3,4,.750,0,4,4,5,0,0,2,3,7,maryland,2024-02-25-14-ohio-state
4,Brinae Alexander,27,5,9,.556,0,0,,5,9,.556,1,2,.500,1,4,5,0,1,0,3,3,16,maryland,2024-02-25-14-ohio-state
6,Emily Fisher,21,2,4,.500,2,4,.500,0,0,,0,1,.000,0,4,4,1,0,0,1,2,4,maryland,2024-02-25-14-ohio-state
7,Allie Kubek,14,0,2,.000,0,2,.000,0,0,,0,0,,1,0,1,1,0,0,2,2,0,maryland,2024-02-25-14-ohio-state
0,Celeste Taylor,38,7,14,.500,4,7,.571,3,7,.429,3,4,.750,0,5,5,2,3,0,3,1,20,ohio-state,2024-02-25-14-ohio-state
1,Jacy Sheldon,34,6,12,.500,4,6,.667,2,6,.333,3,4,.750,2,3,5,6,1,1,1,3,17,ohio-state,2024-02-25-14-ohio-state
2,Taylor Thierry,31,4,5,.800,4,5,.800,0,0,,2,2,1.000,1,5,6,1,1,0,0,3,10,ohio-state,2024-02-25-14-ohio-state
3,Cotie McMahon,29,5,12,.417,4,8,.500,1,4,.250,4,4,1.000,0,5,5,3,1,1,2,4,15,ohio-state,2024-02-25-14-ohio-state
4,Rebeka Mikulasikova,28,4,6,.667,3,3,1.000,1,3,.333,2,2,1.000,0,3,3,2,0,1,1,1,11,ohio-state,2024-02-25-14-ohio-state
6,Rikki Harris,21,2,5,.400,0,0,,2,5,.400,0,0,,0,2,2,1,1,0,0,2,6,ohio-state,2024-02-25-14-ohio-state
7,Madison Greene,12,0,1,.000,0,0,,0,1,.000,0,0,,0,1,1,1,3,0,1,0,0,ohio-state,2024-02-25-14-ohio-state
8,Taiyier Parks,6,0,1,.000,0,1,.000,0,0,,0,0,,0,0,0,0,0,0,0,0,0,ohio-state,2024-02-25-14-ohio-state
9,Eboni Walker,2,0,0,,0,0,,0,0,,0,0,,0,0,0,0,0,0,1,0,0,ohio-state,2024-02-25-14-ohio-state
0,Laila Phelia,38,5,11,.455,5,8,.625,0,3,.000,3,4,.750,2,3,5,3,0,0,2,3,13,michigan,2024-02-28-19-ohio-state
1,Elissa Brett,34,2,5,.400,2,3,.667,0,2,.000,4,4,1.000,2,5,7,2,1,0,5,2,8,michigan,2024-02-28-19-ohio-state
2,Jordan Hobbs,34,4,7,.571,1,3,.333,3,4,.750,0,0,,0,5,5,2,1,0,7,3,11,michigan,2024-02-28-19-ohio-state
3,Lauren Hansen,30,3,9,.333,2,6,.333,1,3,.333,2,2,1.000,1,1,2,1,1,1,3,2,9,michigan,2024-02-28-19-ohio-state
4,Chyra Evans,20,1,3,.333,1,2,.500,0,1,.000,0,0,,1,3,4,1,1,0,3,0,2,michigan,2024-02-28-19-ohio-state
6,Cameron Williams,20,4,7,.571,4,7,.571,0,0,,0,0,,2,3,5,0,0,0,5,3,8,michigan,2024-02-28-19-ohio-state
7,Elise Stuck,12,0,1,.000,0,1,.000,0,0,,0,0,,0,1,1,0,2,0,3,3,0,michigan,2024-02-28-19-ohio-state
8,Taylor Woodson,7,0,1,.000,0,1,.000,0,0,,0,0,,0,0,0,0,0,0,0,0,0,michigan,2024-02-28-19-ohio-state
9,Alyssa Crockett,4,0,0,,0,0,,0,0,,0,0,,0,1,1,1,0,0,0,0,0,michigan,2024-02-28-19-ohio-state
10,Greta Kampschroeder,2,0,2,.000,0,0,,0,2,.000,0,0,,0,0,0,0,0,0,0,0,0,michigan,2024-02-28-19-ohio-state
0,Jacy Sheldon,40,8,14,.571,4,8,.500,4,6,.667,2,2,1.000,0,3,3,3,3,0,2,0,22,ohio-state,2024-02-28-19-ohio-state
1,Cotie McMahon,31,7,12,.583,7,11,.636,0,1,.000,4,8,.500,2,5,7,3,0,2,3,2,18,ohio-state,2024-02-28-19-ohio-state
2,Taylor Thierry,30,4,6,.667,4,5,.800,0,1,.000,0,0,,2,2,4,2,4,0,0,0,8,ohio-state,2024-02-28-19-ohio-state
3,Celeste Taylor,29,4,8,.500,3,6,.500,1,2,.500,3,5,.600,0,2,2,6,4,1,4,2,12,ohio-state,2024-02-28-19-ohio-state
4,Rebeka Mikulasikova,28,1,6,.167,0,2,.000,1,4,.250,0,0,,0,4,4,1,0,0,2,4,3,ohio-state,2024-02-28-19-ohio-state
6,Taiyier Parks,13,1,3,.333,1,3,.333,0,0,,2,2,1.000,1,1,2,0,2,0,2,4,4,ohio-state,2024-02-28-19-ohio-state
7,Rikki Harris,13,0,3,.000,0,0,,0,3,.000,0,0,,0,0,0,2,4,0,1,3,0,ohio-state,2024-02-28-19-ohio-state
8,Madison Greene,11,0,1,.000,0,1,.000,0,0,,0,0,,0,0,0,1,1,0,1,1,0,ohio-state,2024-02-28-19-ohio-state
9,Emma Shumate,5,0,2,.000,0,0,,0,2,.000,0,0,,0,0,0,0,1,1,0,1,0,ohio-state,2024-02-28-19-ohio-state
0,Jacy Sheldon,40,9,17,.529,5,10,.500,4,7,.571,2,2,1.000,1,1,2,9,2,0,1,4,24,ohio-state,2024-03-03-13-iowa
1,Cotie McMahon,35,5,11,.455,5,9,.556,0,2,.000,0,2,.000,1,4,5,1,1,0,3,4,10,ohio-state,2024-03-03-13-iowa
2,Taylor Thierry,35,5,8,.625,4,7,.571,1,1,1.000,0,2,.000,2,5,7,2,2,0,2,2,11,ohio-state,2024-03-03-13-iowa
3,Rebeka Mikulasikova,33,5,9,.556,1,1,1.000,4,8,.500,0,0,,1,7,8,3,0,1,4,3,14,ohio-state,2024-03-03-13-iowa
4,Celeste Taylor,26,4,10,.400,2,5,.400,2,5,.400,0,0,,0,3,3,3,1,0,4,4,10,ohio-state,2024-03-03-13-iowa
6,Rikki Harris,16,3,6,.500,1,2,.500,2,4,.500,1,2,.500,0,1,1,3,0,0,0,2,9,ohio-state,2024-03-03-13-iowa
7,Madison Greene,13,2,4,.500,1,1,1.000,1,3,.333,0,0,,0,0,0,1,2,0,1,2,5,ohio-state,2024-03-03-13-iowa
8,Taiyier Parks,2,0,0,,0,0,,0,0,,0,0,,0,0,0,0,0,0,0,2,0,ohio-state,2024-03-03-13-iowa
0,Caitlin Clark,39,10,26,.385,4,9,.444,6,17,.353,9,10,.900,0,6,6,9,3,0,5,3,35,iowa,2024-03-03-13-iowa
1,Kate Martin,37,5,10,.500,4,7,.571,1,3,.333,0,0,,0,9,9,2,1,0,1,0,11,iowa,2024-03-03-13-iowa
2,Gabbie Marshall,35,4,8,.500,0,1,.000,4,7,.571,0,1,.000,1,0,1,2,2,0,0,0,12,iowa,2024-03-03-13-iowa
3,Hannah Stuelke,32,9,12,.750,9,12,.750,0,0,,5,8,.625,6,3,9,2,0,1,5,3,23,iowa,2024-03-03-13-iowa
4,Molly Davis,8,0,0,,0,0,,0,0,,0,0,,0,3,3,1,1,0,1,1,0,iowa,2024-03-03-13-iowa
6,Sydney Affolter,23,2,4,.500,2,4,.500,0,0,,2,2,1.000,2,5,7,2,0,1,2,3,6,iowa,2024-03-03-13-iowa
7,Kylie Feuerbach,14,1,3,.333,1,2,.500,0,1,.000,2,2,1.000,0,0,0,2,4,1,2,1,4,iowa,2024-03-03-13-iowa
8,Addison O'Grady,7,1,1,1.000,1,1,1.000,0,0,,0,0,,0,0,0,0,0,0,0,0,2,iowa,2024-03-03-13-iowa
9,Taylor McCabe,4,0,0,,0,0,,0,0,,0,0,,0,0,0,0,0,0,0,0,0,iowa,2024-03-03-13-iowa
10,Sharon Goodman,0,0,0,,0,0,,0,0,,0,0,,0,0,0,0,0,0,0,0,0,iowa,2024-03-03-13-iowa
